Sr_no,Tweets,Retweet_Count
1,Oracle soluions coupled wih nex-gen ech fech s z resuls.,20
2,Andrew_Clarkson EWFC1913 ,0
3,Andrew_Clarkson EWFC1913 Up he Clarkson ???,0
4, silennighds: Were giving away some sleep ndles o 2 lucky winners! WEE o ener! #WIN &amp;Cs: hps://.co/4U7Rh9sxPl hps://.\xc3\xa2\xe2\x82\xac\xc2\xa6,714
5, O2academyix: Win a pair of ? o cinroducing\xc3\xa2\xe2\x82\xac\xe2\x84\xa2s ? ay celeaions! Follow &amp; quoe wih who you wan o see o ener!\n&amp;C\xc3\xa2\xe2\x82\xac\xe2\x84\xa2s: hps\xc3\xa2\xe2\x82\xac\xc2\xa6,19
6, Aromisico: YES his #WeekEnd u can win a #COFFEE GIF SE\nJoin in Like/ o #WIN * \n#FridayFeeling #WinCoffee\n*Cs hps://.co/ydK\xc3\xa2\xe2\x82\xac\xc2\xa6,45
7, Aquaadsuk: Join Gru &amp; he Minions on heir advenures wih our Despicae Me ndle! Jus  for he chance o #win!\n&amp;CS: hps://.\xc3\xa2\xe2\x82\xac\xc2\xa6,823
8, dama_uk: o  in wih a chance of winning hese gorgeous Coussin Dair os simply follow &amp; ! Ends 06/010 12pm &amp;Cs: hps://.co\xc3\xa2\xe2\x82\xac\xc2\xa6,665
9,os populous counries in 2050:\n\n1 India ??\n2 China ??\n3 US ??\n4 Nigeria ??\n5 Indonesia ??\n6 Pakisan ??\n7 azil\xc3\xa2\xe2\x82\xac\xc2\xa6 hps://.co/REJE0o09wq,1
10, nauralworld_: Is #WinIWednesday! FLW &amp;  wih #MyNauralWorld o #win our hair reamen oils. Ends 29.9 &amp;Cs hps://.co/GpJL\xc3\xa2\xe2\x82\xac\xc2\xa6,367
11, lanceacive: Happy #WinIWednesday! FLW &amp;  wih #lanceAciveFormula o #win our Dragons ood range ? Ends 29.9. &amp;Cs hps://\xc3\xa2\xe2\x82\xac\xc2\xa6,758
12, nauralworld_: Happy #WinIWednesday ? FLW &amp;  wih #MyNauralWorld o #win our hair reamen oils. Ends 29.9 &amp;Cs hps://.co/Gp\xc3\xa2\xe2\x82\xac\xc2\xa6,521
13, ColorspoUK: Is #FreeeFriday ime! FLW &amp;  wih #Colorspo o #win our 30 Day ining kis ? &amp;Cs apply hps://.co/hdV0oGS7sJ\xc3\xa2\xe2\x82\xac\xc2\xa6,471
14, PicknPay: Wan R50 off a fuure shop? If you\xc3\xa2\xe2\x82\xac\xe2\x84\xa2re a Sma Shopper we can make i happen! s &amp; Cs &g; hps://.co/iCVUYc3dJhps://.co/y\xc3\xa2\xe2\x82\xac\xc2\xa6,36
15, Aul19India: IndianDiplomacy PrakashJavdekar HRDMinisry IndEmoscow Sir Why no acion on #SchoolFeeLoo? #PresidiumouringKids\xc3\xa2\xe2\x82\xac\xc2\xa6,21
16, SoFragrance: #Win a So...? Floral Crush EPD &amp; Fragrance Mis now!  Follow &amp; ag your F!\n#Giveaway #Compeiion  &amp;Cs -hps://.c\xc3\xa2\xe2\x82\xac\xc2\xa6,82
17, YSHased: 170930 Yoo Seung Ho fanmeeing in Mielparque Hall Osaka\n\xc3\xa2\xe2\x82\xac\xc2\xa2\nCr: as agged\n\xc3\xa2\xe2\x82\xac\xc2\xa2\n#??? #???? #yooseungho #fanmeeing #YSHased #yo\xc3\xa2\xe2\x82\xac\xc2\xa6,52
18,rdorfM MaryEhrenwoh CRWP ?his! hanks,0
19, O2A: COMPEIION IME! Fancy winning 2x No3sofficial ix M &amp; G  for 2 people + 2 signed -shis? o ener jus ! hps://.co/\xc3\xa2\xe2\x82\xac\xc2\xa6,21
20, hungryhouse: Wan o #rySomehingNew his weekend? Pause &amp; share your din-spiraion resul wih us - you could win \xc3\x82\xc2\xa325 credi! hps:/\xc3\xa2\xe2\x82\xac\xc2\xa6,59
21, oysrusuk: Is #WinIWednesday ime! ? o win #Desiny2 on eiher #PS4 or #Xx follow oysRUsUK &amp; . Ends 4h Oc hps://.co/5jkz\xc3\xa2\xe2\x82\xac\xc2\xa6,1090
22,id you know we offer a free local collecion and delivery service? \n#onidge #Sevenoaks #surroundingareas #servicewihasmile,0
23,pakcheman was a Gues Insrucor a our Media &amp; Communicaions sics Class oday. I was an explosive session! hps://.co/aNsM8fWwoY,0
24,his fesive season ackle he menace of #WaerLeakage in your home. We wish you all a #HappyDusshera! Know more a\xc3\xa2\xe2\x82\xac\xc2\xa6 hps://.co/lIw72ddROp,0
25, Freedomoeach: You could #win his #KnowingReligion Judaism Suden ok! #Follow &amp; # o ry! AndyLewis_RE #FollowFriday Cs: hps\xc3\xa2\xe2\x82\xac\xc2\xa6,21
26, rierspouk: Complee our #NaionalPoeryDay poem for he chance o #win a free flavour!  sure o  and follow! &amp;Cs: hps://.co\xc3\xa2\xe2\x82\xac\xc2\xa6,306
27, Finacle: Follow us on LinkedIn o learn how #echnology is ransforming he #nking indusry o  #rulyDigial| #Finech\n\nhps://\xc3\xa2\xe2\x82\xac\xc2\xa6,2
28,"Due o Panama Papers he Pakisan Prime Miniser has had o resign.  why no acion is ing aken here?""... hps://.co/oxGXVHZLUC",0
29,n Serve Federer Slams he Door er han Anyone hps://.co/WYIPuxmP6A,0
30,saa_rao2001 UarandhraNow his clearly shows he Indian mindse hey wan heir son/ daugher o work for in\xc3\xa2\xe2\x82\xac\xc2\xa6 hps://.co/ONxCgJ7qUR,0
31,ollow us on LinkedIn o learn how #echnology is ransforming he #nking indusry o  #rulyDigial| #Finech\xc3\xa2\xe2\x82\xac\xc2\xa6 hps://.co/5p5AgGkdr8,2
32, InfyFoundaion: ?New og? Using a #MakerSpace &amp; #SEM o Educae he Whole Person  Marcus Hall. MakerEdOrg #InfyMakers Read more h\xc3\xa2\xe2\x82\xac\xc2\xa6,10
33,arke suffer second sraigh weekly loss plunge 638 poins - hps://.co/cjVHUEq nchmark Sensex winessed s\xc3\xa2\xe2\x82\xac\xc2\xa6 hps://.co/WYQ1kj2850,0
34,NandanNilekani We have a Game Changing proposal capuring Propey Vehicles Jewllery wish o inerac Can help INFOSYS,0
35,n Serve Roger Federer Slams he Door er han Anyone | AP World our | ennis hps://.co/FHf0yRiM,0
36,Swamy39 pGurus1 Recen example of I is sudden spu in volumes(5 imes daily avg)of Infy pu opions on 17h Aug\xc3\xa2\xe2\x82\xac\xc2\xa6 hps://.co/xqy9DRFjxD,0
37,21_ S_Naional aa salking on cooky eh~ hps://.co/q1K6PQOh,0
38, aehyungpic: someone made aa for aeae ?? hps://.co/QDzJEgrG,3316
39, madzjams: aa and chimmys a colla#21 #sfana #samy hps://.co/n0rA5VM8NS,707
40,aa Moors won an India governmen order for 10000 elecric cars as he counry makes effos o reduce emissions and curfuel impos.,0
41, pandeymukesh23: When Raan aa confirms au modis leadershiphen indian should creae #NewIndia wih Modiji and pu our all effo\xc3\xa2\xe2\x82\xac\xc2\xa6,106
42, xuunn: chimmy and aa hps://.co/GX5Nky6uzu,1839
43, snole: chimmy and aa sharing heir love wih he world-- also dedicaed o es who is dying in hesis-- sends her all he kisses #vm\xc3\xa2\xe2\x82\xac\xc2\xa6,2544
44, india: aa Moors wins d o sell 10000 elecric cars hps://.co/LOeyAEDG hps://.co/MANudXH4z,3
45,IL ha he aa Group from India which owns Jaguar-Land Rover and has revenues of over $100is 66% conrolled xc3\xa2\xe2\x82\xac\xc2\xa6\xc3\xa2\xe2\x82\xac\xc2\xa6 hps://.co/cNulMKK1N0,0
46, honeyschu an irl aa holding a iny aa!!!! hisissoCue my hea is aching:) hps://.co/oGpkxmRa28,27
47, aaSky: Mee original ngali rocksars he uls. Saing from 25h Sep. You oo can share your nosalgia on aa Sky #Recallnga\xc3\xa2\xe2\x82\xac\xc2\xa6,38
48,"I can no explain i  I\ll find a song ha can""",0
49,appy Sunday hope you guys are having a grea day ? I\xc3\xa2\xe2\x82\xac\xe2\x84\xa2ll  geing ck o he hang of hings omorrow wooooop:D,0
50,As #yeg urkish Canadians we srongly condemn las nighs cowardly aack &amp; wish edmononpolice officer a speedy\xc3\xa2\xe2\x82\xac\xc2\xa6 hps://.co/IRrlU82FDe,0
51,Aga_Aul Jha__Pooja Exacly reservaion ne desh ko rd kar diya hai\nSundar pichai n saya nadela agar india me\xc3\xa2\xe2\x82\xac\xc2\xa6 hps://.co/2piAwv,0
52,In #sarcks and as I open he wier app my Cs are righ across my screen in heir full glory he eller didn wan o know my name. ?,0
53,GPamridis ?? &amp; some Cs sruggle 4 recogn of ?? surdinae sae  UN! solen GC propeies given as gifs o\xc3\xa2\xe2\x82\xac\xc2\xa6 hps://.co/8FZQnqwY7,0
54,ne person followed me // auomaically checked  hps://.co/JPuFujO1Cf,0
55,his hangover is kicking me all over from every differen angle,0
56, ScrilerSix: Running nycmarahon o raise $ for heVFoundaion. Need 20 $30 donaions. 1 signed ok for each donaion. hps://.co\xc3\xa2\xe2\x82\xac\xc2\xa6,1
57, AhsanHorani: Sofware Engineers are Required\n\nExperience : Fresh / Mid-level\n\nEducaion : chelors\n\nDrop your resume a :\xc3\xa2\xe2\x82\xac\xc2\xa6hps://.co\xc3\xa2\xe2\x82\xac\xc2\xa6,1
58,Moospeed75 Jus pull he fuse. ...... jus don ask me which one.  don cu any wires as is all linked o\xc3\xa2\xe2\x82\xac\xc2\xa6 hps://.co/S9HKCDrpSs,0
59,If weidwald and Phillips sa nex game v reading Im genuinely concerned ha he cs good sa was a fluke and he is clueless,0
60,meemelif cs pls need address ?,0
61,ps://.co/z33OiWLnlisen his song.,0
62, comixays: Less han $700 o go!  Ill  donaing half of my commissions made a new York comic con.   Pm me o pre-order.... hps:\xc3\xa2\xe2\x82\xac\xc2\xa6,1
63, nauralworld_: Happy #WinIWednesday!  FLW &amp;  wih #MyNauralWorld o #win our hair reamen oils. Ends 29.9 &amp;Cs hps://.co/Gp\xc3\xa2\xe2\x82\xac\xc2\xa6,820
64, PackyCay: ave #Caalonia fire fighers facing down he flames of Spanish facism #CaalanReferendum #freeweey hps://.co/mlp3aS\xc3\xa2\xe2\x82\xac\xc2\xa6,776
65, FullReflecion: Do he recipiens of 280 characers ge a larger quoa of Cs oo? has no really fair.,14
66, OracleCloud: Congraulaions o Wes Corporaion UC for going live on OracleHCM Cloud and OracleERPCloud! #OracleCloud #OracleCusome\xc3\xa2\xe2\x82\xac\xc2\xa6,1
67,ongraulaions o Wes Corporaion UC for going live on OracleHCM Cloud and OracleERPCloud! #OracleCloud\xc3\xa2\xe2\x82\xac\xc2\xa6 hps://.co/USmUgrOVI,1
68,Gyani_Engineer shivamudgil NohaNana roopakgarg praveen_nilesh 9Unknownmen Rdsingh80 _YogendraYadav\xc3\xa2\xe2\x82\xac\xc2\xa6 hps://.co/dCY5VRMYG,0
69, spushor: InforShi Shiy CEO Quis in Indian I Mafia Shakeup - Good Riddance -\n\n\xc3\xa2\xe2\x82\xac\xc5\x93NEW DELHI \xc3\xa2\xe2\x82\xac\xe2\x80\x9d India Inc. suffered a new... hps://.c\xc3\xa2\xe2\x82\xac\xc2\xa6,2
70, spushor: Infoshi and Equifax - Happy ogeher - I All Makes Perfec Cens \n\nI knew he Indian Infoshi was in on he... hps://.co/\xc3\xa2\xe2\x82\xac\xc2\xa6,4
71,Enaing digial o offer effecive oucomes. Were proud o  sholised in he DevOps Excellence awards 2017. hps://.co/elKUIzSzW,0
72,n ey here is an average of $680 woh of ransacions every second #echFac,1
73,ee Indranil a oh 1602 a #OOW17 and learn how we are driving innovaion for our cliens.\xc3\xa2\xe2\x82\xac\xc2\xa6 hps://.co/nEloy3VW,0
74, liked a Youu video hps://.co/v2r5ZK0nnQ LAES INFOSYS PLACEMEN PROCESS 2017  C MADE EASY||CMADEEASY||cmadeeasy,0
75,Insead of sudying Im here ?? good luck sa INFOSYS,0
76,AES INFOSYS PLACEMEN PROCESS 2017  C MADE EASY||CMADEEASY||cmadeeasy: hps://.co/v2r5ZK0nnQ via Youu,0
77,Lauh_purush AshDuy_ Firsly his enire ousourcing o GSN was ridiculous suswamy had warned agnd his In\xc3\xa2\xe2\x82\xac\xc2\xa6 hps://.co/E5Hw20wIpr,0
78,pushan1 You don have o  a specialis o  on he ard. How did ICICI chairman come ard Memr of Infos\xc3\xa2\xe2\x82\xac\xc2\xa6 hps://.co/WUxhuG,0
79,angana Ranau\xc3\xa2\xe2\x82\xac\xe2\x84\xa2s lawyer responds o defamaion noice sen  Adiya Pancholi and Zarina Waha-\xc3\xa2\xe2\x82\xac\xc2\xa6 hps://.co/26oEpeZ04d,0
80,ics: Aishwarya Rai chchan and daugher Aaradhya aend\nDurga Puja fesiviies - ,0
81,S on ink of crushing Presidens Cup vicory - hps://.co/MeA0jnOXv Unied Saes are one mach win away from\xc3\xa2\xe2\x82\xac\xc2\xa6 hps://.co/UlQLF5l7,0
82,P placemen all services provider mean high level o echnical level placemen sa in 2013 in Nasik KP  placem\xc3\xa2\xe2\x82\xac\xc2\xa6 hps://.co/0ka2or6WuB,0
83, sriramp: Marui Suzuki Sales up 9.3%\naa Moors Sales up 18.0%\nEicher Moors Sales up 22%\n\nAll Moor Cos have Sep Sales ??\nEconomy d\xc3\xa2\xe2\x82\xac\xc2\xa6,264
84,hormazdsoraee suhelseh aaMoors  aa Moors share price has en on he ma since long.,0
85,s ghi gonna release 21 plushies?? I wan aa and shooky ??,0
86,has i hen hps://.co/Yvr3dQjo,0
87,us geing ino Narcos and lisen... aa and Pao\xc3\xa2\xe2\x82\xac\xe2\x84\xa2s Love is ridiculous!!! heir synergy is unreal!!!,0
88,aa Moors regisers 25pc surge in domesic passenger commercial vehicle siness.. hps://.co/pQ2y1OJo,0
89,malazz_shyon Fidaa_Aziz99 loozzeeyy??????,0
90,apa pe ? mama me ?\nsuch alened and sensie kids ?,0
91,hem 11 llion dollars aka 11200000000 Rupees(10000 cars a 11 lakhs each)..on ha one :P \n\nSomedy do... hps://.co/N8kE1fqud,0
92,he godness spoken!! Oulander day!!!! Oulander_SARZ hps://.co/lid9unVo66,0
93,Shilaamzah ake care  have a safe fligh.? aa ii uu ?,0
94, RaeeSRKianAnish: Dancing Queen Undouedly!?? Ok aa I am dead hps://.co/caNanarcef,42
95,yelnamynhalej You ryna sa a family?,0
96, jiminishell: S_w I guess he key poin is he repoer lieves ha S is commercially &amp; musically successful and circulaes vir\xc3\xa2\xe2\x82\xac\xc2\xa6,14
97, FCoalDigger: 7/7 also happened wih aa. oo early.,10
98,ere you go again hps://.co/5i5qASs5,0
99,ex sop from my cke lis! hps://.co/XGRwIrNze,0
100,Insuech is all au #AI a he momen and #AI inerfaces are simply he enry poin  #ech adopion seems o\xc3\xa2\xe2\x82\xac\xc2\xa6hps://.co/DXCkG0,0
101, Miffy_UK:  for he chance o #win he sweees Miffy dress up se ever! Age 2-4 years only. &amp;Cs: hps://.co/lXhnlXQkQJ #compeiio\xc3\xa2\xe2\x82\xac\xc2\xa6,56
102,ar Wars OG Cosumes  hps://.co/zAZhH9HVJ,0
103,We wouldn mind going up in ha hing! :) #OOW17 hps://.co/YoDpq2eJIf,0
104,Hear Glory_Glols case sudy on #CX sales drivers &amp; innovaions a 12:15. #OOW17 hps://.co/kuGEU8yVVf hps://.co/RFdFSyjxDw,0
105,We will soon reach he poin where conneciviy o cloud resources is going o come a serious issue. Heres why:\xc3\xa2\xe2\x82\xac\xc2\xa6 hps://.co/zc8CYoU3dm,1
106,SanjayChadha johnmcdonnellMP Childrens sociey childhood povey repo\n\nhps://.co/OEkyrdEa,0
107,AyushmannkPics ayushmannk yaa rue saying...????,0
108,Every summer I ell myself Im gonna ge soned and go o he zoo  I always forge o do he pa where I go o he zoo...,0
109, Maximuscle:  &amp; Follow o #WIN a pair of ickes o Harlequins V SaleSharksRug on 6h Ocor. \n18+ UK Only &amp;Cs here: hps://\xc3\xa2\xe2\x82\xac\xc2\xa6,15
110, MsMcQuin: Im a very privae person aka I don wan my 15 Cs knowing au each oher.,75
111,One of #Mexicos 4 #NAFA Goals = os #SME inclusion in NAFA supply chains. ?#Cdnz considering Mexico? Conac\xc3\xa2\xe2\x82\xac\xc2\xa6 hps://.co/RgcowsdvMx,0
112,Srongly commied o providing he 3 Cs - convenien coueous &amp; confidenial I services a affordae prices hps://.co/ZcexEm5OZY,0
113, WGl: ok our Chrismas show oday and you could win a rip o Disneyland! Click here: hps://.co/8cn5gvfW\n(Cs apply ok for\xc3\xa2\xe2\x82\xac\xc2\xa6,1
114,ay #2 wihou DeanCenral: \n\nIf only I could hide my sorrow under my smile like he way Dean hides his Cs under\xc3\xa2\xe2\x82\xac\xc2\xa6 hps://.co/RP9rGXxQlD,0
115, enered for a chance o win 100K miles from Alaska Airlines Go Anywhere Sweeps. NPN CA Only 18+ Ends12/31/17 Cs: hps://.co/NVgAqXgHLC,0
116,he rise of #PaaS indicaes he focus of innovaion is shifing even fuher oward sofware developmen.\xc3\xa2\xe2\x82\xac\xc2\xa6 hps://.co/3WaEWnxv,0
117, &amp; Follow o #WIN a pair of ickes o Harlequins V SaleSharksRug on 6h Ocor. \n18+ UK Only &amp;Cs here:\xc3\xa2\xe2\x82\xac\xc2\xa6 hps://.co/0w8lV5,15
118, DrInfoSec: NIS SP 800-37 Rev. 2 (DRAF) - Risk Mgm Framework for InfoSys &amp; Orgs\nhps://.co/JzAlUsHOV,1
119,IS SP 800-37 Rev. 2 (DRAF) - Risk Mgm Framework for InfoSys &amp; Orgs\nhps://.co/JzAlUsHOV,1
120,ompliance expes say he rump admin\xc3\xa2\xe2\x82\xac\xe2\x84\xa2s ani-reg agenda will produce fewer  more focused SEC &amp; FINRA exams. Are you prepared? #finregs,0
121,earn how o reduce coss and enjoy a  ne profi margin of 40% or over in your accounancy pracice! You have o r\xc3\xa2\xe2\x82\xac\xc2\xa6 hps://.co/aIpqhJYqi,0
122,ow can #ravel and leisure indusry nk on #Io and apps o make ravel personalized &amp; enjoyae?\xc3\xa2\xe2\x82\xac\xc2\xa6 hps://.co/KxeZqLE,2
123, wayraw: his is a sory ing played ou in many indusries. Good hing I people are good a learning new ricks.\xc3\xa2\xe2\x82\xac\xc2\xa6hps://.co/rNLps\xc3\xa2\xe2\x82\xac\xc2\xa6,0
124,nly 4% of Arawomen use he inerne. #echFac,0
125,iscover how you can opimize your #digial journey for increased efficiency. Visi oh 1602\xc3\xa2\xe2\x82\xac\xc2\xa6 hps://.co/qFeRH2Wpy9,0
126,Wha is your favourie Monday morning drink?\nA Reis Informaion Sysems we can ge away wihou a cup of coffee.\xc3\xa2\xe2\x82\xac\xc2\xa6 hps://.co/DO5D5Jn7W,1
127,o long unil ACLiveShow we can wai o see you all here! #Scoland #Accouning #Ousourcing,0
128,ur upcoming wenar wih Gar ssenyei of Glolese NM neural machine ranslaion will explore jus ha:\xc3\xa2\xe2\x82\xac\xc2\xa6 hps://.co/FVsEloMJj1,0
129,knpees SarHealhIns irdaindia FordIndia aaCompanies reliancejio Marui_Corp HyundaiIndia\xc3\xa2\xe2\x82\xac\xc2\xa6 hps://.co/IEpYimyV,0
130, LOVE INFOSYS,0
131,heck his ou... Jooppouniy in your counry of origin hps://.co/x8UhDkZV6P,0
132,ook learn improve &amp; aiculae wih our #ZeroDisance mehod cards. Check ou his emplae for #innovaion hps://.co/gVVpq3J8cV,4
133, iAnkurSingh: 1s woman chief jusice of Delhi HC\nCanceled aa housing projec\n\nRejeced Cenres n on Indias Daugher\n\n shes no\xc3\xa2\xe2\x82\xac\xc2\xa6,20
134,ray for aa ain\xc3\xa2\xe2\x82\xac\xe2\x84\xa2 nohing wrong wih her jus pray for he child,0
135, love Yo rane voice ?,0
136, heMarquea2: #raceyLAnd  #herAzeyShoW ~ i$  #rAceyZworld ~ i$ weR he go wen he w hi$ main hoE // #xDx 4 all ing$ #raceyduke\xc3\xa2\xe2\x82\xac\xc2\xa6,7
137, oodDonorsIn: #Mumi A+ve or ve an urgen requiremen for ood  aa MemorialParel.. Ph 7275199802,37
138,Who doesn enjoy some guil-free shopping herapy?! his Oc 4h sregismumi in iniiaion wih aa Hospial \xc3\xa2\xe2\x82\xac\xc2\xa6\xc3\xa2\xe2\x82\xac\xc2\xa6 hps://.co/renJiGJ5D,0
139, menallycamila: heyve come far ?? hps://.co/6ldzFnAqH,19
140, oysrusuk: For a chance o win #Desiny2 for #PS4 or #Xx follow oysRUsUK and . Ends ONIGH. ? &amp;Cs hps://.co/5jkzyNApk #WinI\xc3\xa2\xe2\x82\xac\xc2\xa6,489
141,Ive go #MichiganSae o ake he W in his weeks Wendys #Rivalryef. Whos go your voe? hps://.co/FakgyDxW5,0
142, Ainavaia4: How o engage wih oming saup ecosysem in India? Indian delegaes a #NACOSummi speaking on a panel hps://.co\xc3\xa2\xe2\x82\xac\xc2\xa6,2
143, PxrickWS:  &amp; FL for a chance o win a Saff of he Queren + 20 Empower Cs! Giveaway ends Ocor 30 2017 a 11:59:00 ES. ? hps\xc3\xa2\xe2\x82\xac\xc2\xa6,21
144,hink of #ePurchasing as siness value hrough easy ying! Join our wenar wih duncanwjones from forreser.\xc3\xa2\xe2\x82\xac\xc2\xa6 hps://.co/CJnAUqLnYI,0
145, CollegeCan: Wonderful o hear from sudens of AlgonquinColleg &amp; CollegeLaCie a #FLF2017 o share heir experience wih learning &amp;\xc3\xa2\xe2\x82\xac\xc2\xa6,8
146,reen #elecom players appeal o he increasing numr of consumers who care au he impac of #climaechange\xc3\xa2\xe2\x82\xac\xc2\xa6 hps://.co/YeIS6gmEWa,0
147, CanadaSpain1: Canadian paicipans a #IoSWC17 in # rcelona! Grea eam. See you omorrow! IC_Wes NexusFP EmanEspana  canad\xc3\xa2\xe2\x82\xac\xc2\xa6,8
148, ainsewery: WIN 2 ickes o FAWales v FAIreland follow ainsewery and  his pos o ener. Winner picked Friday. &amp;Cs hps\xc3\xa2\xe2\x82\xac\xc2\xa6,186
149,arnessing he Power Of Disrupive echnology he Nex Sep For Insurance. [hps://.co/25y8IwoR0] hps://.co/wgnlIJKc4f,0
150, JasonDellaRosa: uesdays volleyll winners: Sherman Melissa Guner Whiesro Callisrg Van Alsyne ue Ridge Dodd Ciy re\xc3\xa2\xe2\x82\xac\xc2\xa6,5
151, SushilModi: I visied INFOSYS campus oday... hps://.co/p8Nur0Jn,28
152,nelecual propey is your siness. hps://.co/mlY4ro1 hps://.co/MSnaej7Nx,0
153,nelecual propey is your siness. hps://.co/1C9kc95oD,0
154, java: A Simple Inroducion o #Daa Srucures \xc3\xa2\xe2\x82\xac\xe2\x80\x9c Linked Liss\n #AI #MachineLearning \n\nhps://.co/iAupskGdqU hps://.co/1rWquXJ,95
155, udaciy: Saing ou in #Android developmen? Ready for more advanced principles? Explore Android raining in #DiscoveryWeek hps://\xc3\xa2\xe2\x82\xac\xc2\xa6,13
156, java: Using Conen Managemen Sysems in #Java Applicaions\n\nhps://.co/d5cWlQHJsx hps://.co/lhWzgirzB,60
157, MSFImagine: #Compuing jo are he #1 source of all new wages says codeorg: hps://.co/ZxwZ2kjVY hps://.co/PMu4mKZcHv,22
158, java: Free Princeon Course - \nEssenials for serious programmers au algorihms and #daa srucures and #Java\n\nhps://.co/zFzSi7\xc3\xa2\xe2\x82\xac\xc2\xa6,159
159, java: ild sophisicaed algorihms ha are fundamenal o #deeplearning and #AI wih #Java\n\nhps://.co/Pe5CKX1kLM? hps://.co/0Z\xc3\xa2\xe2\x82\xac\xc2\xa6,111
160, java: FREE - 5 Courses in \n#Java Programming and Sofware Engineering Fundamenals Specializaion - Duke Universiy \n\nhps://.co/fVoF\xc3\xa2\xe2\x82\xac\xc2\xa6,76
161, CNNnews18: he faciliy will provide end-o-end echnology consuling and sysems inegraion services.\nhps://.co/l58jx5,4
162,ha records should you  keeping for your siness? Check HMRCsiness video ou! ? #okkeeping #Ousourcing\xc3\xa2\xe2\x82\xac\xc2\xa6 hps://.co/nDVHeRg,1
163,he faciliy will provide end-o-end echnology consuling and sysems inegraion services.\nhps://.co/cHGZM0y,0
164,he faciliy will provide end-o-end echnology consuling and sysems inegraion services.\nhps://.co/l58jx5,4
165, khjjg: i have no sense of shadowing  i finally have my own aa and cooky lloon yall ?? hps://.co/Lx0YPmuY,280
166, eejayspencer: his he rawes gender reveal I ever seen. hps://.co/S1NSjYSCHD,27220
167,aa_Crucie Hold your seas coz he ulimae le of wis au o ge saed #CCQ17 hps://.co/OAdKU41z,0
168, sevenandweny: is en a while since i did pixel a  i love hem ok ???\n#21 #sfana #samy #mang #cooky #rj #shooky #a\xc3\xa2\xe2\x82\xac\xc2\xa6,579
169,aaSky Is en over 20hrs and sill no received any call. No up o aas sandard. Paheic,0
170, dama_uk: o  in wih a chance of winning his gorgeous crew neck sweaer simply follow &amp; ! Ends 13/10 12pm &amp;Cs: hps://.co/wlV\xc3\xa2\xe2\x82\xac\xc2\xa6,632
171,nzurilife You can ceainly read along! We will  conducing a live wier cha during he ok clumeeing so\xc3\xa2\xe2\x82\xac\xc2\xa6 hps://.co/cZHFlRr8,0
172,onday #MorningRush help is here. Never  lae nor early o cach s.\nUniversal wepp hps://.co/MwdV7Pgswi\xc3\xa2\xe2\x82\xac\xc2\xa6 hps://.co/67V5uW9Wp,0
173,f you eak a le of  dewars a an Indiana  grocery sore on Sunday can hey charge you for i? #askingforafriend,0
174, oysrusuk: WIN 1 of 10 family ickes o #ICKLIVE #rmingham on 26h-29h Oc! Follow oysrusuk and  o ener. &amp;Cs hps://.co/\xc3\xa2\xe2\x82\xac\xc2\xa6,153
175, rsoolUMiami: Mood hps://.co/o5kA8pguuE,31
176,e really need er inland wind guidance for Cs...hard o ge susained S winds hundreds of miles inland wih a Ca 1...,0
177,Cs_wie nesR4Dogs grigol80 DineshDSouza One of he oher misakes you made cuz youre NO well read is\xc3\xa2\xe2\x82\xac\xc2\xa6 hps://.co/r6vuMAgUpU,0
178, omomy: Jus don sore my dead dy in he same freezer as your oher dead Cs.,112
179,ps://.co/M9vmW9dvCv\nI is a 2 round inerview process.\n\nRound 1:... hps://.co/4a32HQJ,0
180, Freshney_Place_: #Grims! Were giving away a \xc3\x82\xc2\xa350 Freshney Place gif card. ?? Simply  &amp; follow us for he chance o win. &amp;Cs: hp\xc3\xa2\xe2\x82\xac\xc2\xa6,56
181, Freshney_Place_: Were giving away a \xc3\x82\xc2\xa350 Freshney Place gif card. ?? Simply  &amp; follow us for he chance o win. &amp;Cs: hps://.co/G\xc3\xa2\xe2\x82\xac\xc2\xa6,56
182,dama_uk o  in wih a chance of winning his gorgeous crew neck sweaer simply follow &amp; ! Ends 13/10 12pm &amp;\xc3\xa2\xe2\x82\xac\xc2\xa6 hps://.co/jz7z8LsvjV,0
183, SylvanianUK: *pirouees* Is #WorldlleDay! Weve go 3 lle heares o #win - jus  and FOLLOW o ener! #prize &amp;Cs - hps:\xc3\xa2\xe2\x82\xac\xc2\xa6,935
184, cineworld:  for a chance o win 1 of 3 #GoodeChrisopherRon posers SIGNED  MargoRoie &amp; ohers! Ener  151017 Cs:hps:/\xc3\xa2\xe2\x82\xac\xc2\xa6,590
185,ecklace availae for sale only Rs.750\nFree home delivery via cs Cash on delivery \nShop online a:www.Fashion\xc3\xa2\xe2\x82\xac\xc2\xa6\xc3\xa2\xe2\x82\xac\xc2\xa6 hps://.co/1el0MigfDj,0
186, enered for a chance o win 100K miles from Alaska Airlines Go Anywhere Sweeps. NPN CA Only 18+ Ends12/31/17 Cs: hps://.co/d70eU1mqH0,0
187, Mansagram_: When you see your designaed driver aking shos. hps://.co/hYGqvjixSw,50
188, WWE: Don forge o donae o memrs of he ConnorsCure and heVFoundaion Marahon eam! Check ou Mahew Kaplan: hps://.co/ir\xc3\xa2\xe2\x82\xac\xc2\xa6,94
189, WWE: DYK here is only one week lef o suppo he ConnorsCure Marahon eam? Check ou why Nicole is running: hps://.co/JkK3AHQy5,72
190, Gorono: Germaine Greer condemns Murray Edwards decision o admi ransgender sudens - he Camidge\xc3\xa2\xe2\x82\xac\xc2\xa6 hps://.co/jYhnOy5K #ra\xc3\xa2\xe2\x82\xac\xc2\xa6,1
191,old_punky Now haha going o he mach is enough punishmen for hem never mind charging he poor fucker,0
192, added a video o a Youu playlis hps://.co/C8EfAA Minecraf okenlens How o Glich Ou Of he Map,0
193,inecraf okenlens How o Glich Ou Of he Map: hps://.co/C8EfAA via Youu,0
194,s4sor_ I used o purchase for a from pak and dispach from here. You may check hps://.co/VvXMnZa3NV houg\xc3\xa2\xe2\x82\xac\xc2\xa6 hps://.co/Ak8czf,0
195,hermicraf_ PyhonGI love his erraria series\xc3\xa2\xe2\x82\xac\xe2\x84\xa2s he\xc3\xa2\xe2\x82\xac\xe2\x84\xa2s a really good commenaor:D,0
196,Marc_IRL Finally,0
197,goodfundadvisor heEquiyDesk SanaSecuriies SocksResearch RakJhun koaksecuriies e_sensex Aoluely\xc3\xa2\xe2\x82\xac\xc2\xa6 hps://.co/yUixJpCDck,0
198,rajeev_mp \nSir wha so of Governance Mr Narayana Muhy and Mr Nandan Nilekani sand 4? \nShocking o see fundin\xc3\xa2\xe2\x82\xac\xc2\xa6 hps://.co/gjmJFEAE,0
199, Pkunk_: iAnkurSingh Rohan Muhy Nandan Nilekani Narayan Muhy. he lis of ppl funding US owned &amp; operaed mouhpiece Wire is main\xc3\xa2\xe2\x82\xac\xc2\xa6,1
200,okia was founded in 1865 and is primary siness was manufacuring paper. #echFac hps://.co/kpap9HKWSa,0
201,iAnkurSingh Rohan Muhy Nandan Nilekani Narayan Muhy. he lis of ppl funding US owned &amp; operaed mouhpiece\xc3\xa2\xe2\x82\xac\xc2\xa6 hps://.co/VSi2mF6Vs7,1
202, acharya27: rishigree hewire_in here is a gger sory here... he rusees of IPSMF are Ashsih Dhawan who was heavily invesed in\xc3\xa2\xe2\x82\xac\xc2\xa6,1
203, acharya27: rishigree hewire_in Ram_Guha ashish dhawan of asoka Universiy could have received his amoun as quid pro quo for his\xc3\xa2\xe2\x82\xac\xc2\xa6,1
204,ompanies ha adop he #AR &amp; #VR experience early on will  posiioned for marke dominance in he years o come\xc3\xa2\xe2\x82\xac\xc2\xa6 hps://.co/G6PvpX3IK9,5
205,goodfundadvisor NileshShah68 heEquiyDesk SanaSecuriies SocksResearch RakJhun koaksecuriies\xc3\xa2\xe2\x82\xac\xc2\xa6 hps://.co/O9fH07kVs,0
206,ll ickes a our disposal are up for sale: LOC U-17 WC - hps://.co/AA7jFU6QUW under-fire Local Organising Com\xc3\xa2\xe2\x82\xac\xc2\xa6 hps://.co/sQZ6lvwV,0
207,rishigree hewire_in Ram_Guha ashish dhawan of asoka Universiy could have received his amoun as quid pro qu\xc3\xa2\xe2\x82\xac\xc2\xa6 hps://.co/DPUNA0IK2S,1
208,rishigree hewire_in here is a gger sory here... he rusees of IPSMF are Ashsih Dhawan who was heavily in\xc3\xa2\xe2\x82\xac\xc2\xa6 hps://.co/0I8e49OV,1
209, unlockscreen: ? Lirado ? \nEspecial Holland Roden\n\xc3\xa2\xe2\x82\xac\xc2\xa2 if you saved \n\xc3\xa2\xe2\x82\xac\xc2\xa2fav if you liked \n\xc3\xa2\xe2\x82\xac\xc2\xa2prin if you used \n-aa hps://.co/2vZM8n6\xc3\xa2\xe2\x82\xac\xc2\xa6,15
210,Hopefocus Jus an answer...again and again...always he same answer.....\nWhy?\nIs so horrie....\n?,0
211, d4needy: #Mumi Ave #ood #urgen #need a aa Hospial Pls Call 9834020686 via vipulmmali cc nisula upma23 jemin_p #wee_\xc3\xa2\xe2\x82\xac\xc2\xa6,24
212, Yourho: When your day fel exra long so you order Cherry Coke insead of a regular one. ?\n#aa #aehyung hps://.co/V4olHcix,9616
213, NANDANPRAIM: A aa sumo vehicle fall in a gorge near Indo china rder Arunachal Pradesh. 3 ouriss from Wes ngal died in an acc\xc3\xa2\xe2\x82\xac\xc2\xa6,6
214, rakimkn: Also i seems he paner worked in Hero ill June 2016. aa_Crucie happens in Sep &amp; Oc. Consider his a formal complai\xc3\xa2\xe2\x82\xac\xc2\xa6,2
215,ravel ddy pleeeeeeeeaaaaasssssseeeeee,0
216, 309daze: aa &amp; shooky doodle reques for my soul mae ? hank you! hps://.co/HkVSCy8C3,80
217, unlockscreen: -&g; lockscreen jusin er \n?fav if you liked\n? if you saved\n?prin if you used\n-aa hps://.co/2O3sS86,5
218, unlockscreen: ?lockscreen dua lipa \n\xc3\x82\xc2\x fav if you liked\n\xc3\x82\xc2\x  if you saved\n\xc3\x82\xc2\x prin if you used\n-aa hps://.co/36kGXI59CE,9
219, oodAid: #Mumi Need Ave #ood  aa Hosp. Call 9834020686 #oodAid via Prakash_Sawan vipulmmali cc InfoMumi WeAreMumi\xc3\xa2\xe2\x82\xac\xc2\xa6,22
220, PeopleNChoices: hen narendramodi Gov. gave sof loan of ?559 Cr for aa Nano plan. OfficeOfRG says he loan was ?24000 Cr. Is #R\xc3\xa2\xe2\x82\xac\xc2\xa6,77
221, Na_Sawek: Good morning LA #PeckOaKnockOuConce #??????????? #???????????? hps://.co/GcqXHy,4788
222, Oheyjuliaa: Rip o he Jacka Javi Sevieow aa.. My hea aches for yall,3
223, Na_Sawek: Hollywood.. #??????????? #????????????  #PeckOaKnockOuConce #MVEMA #NominaePalichockeAyanapura hps://.co/oxfpUm\xc3\xa2\xe2\x82\xac\xc2\xa6,8109
224," CNV18News: ""aa ele in really d shape... close o impossie o recover"" #ChandraoCNV18 .aaCompanies Shereenan hps:/\xc3\xa2\xe2\x82\xac\xc2\xa6",14
225, never experred i ??? aa_ainmen  Flaie21 hps://.co/Yf8l5wfsvy,0
226,xcl: How Chandrasekaran is rying o make he op-heavy aa Group leaner\nhps://.co/UrXH2Ug2K,0
227,his is my g aa sempre in sella alla sua moo guzzi everyday and noche and day hps://.co/GIGferM,0
228, pr_akash_raj: heeraj \naa Nano is he fav car of Auowaalas. he name iself has Na and No,6
229, Jerusalem_Pos: Indian llionaire Raan aa o aend Israeli auo-ech conference hps://.co/nRxzJyRAFq hps://.co/izNiN8uorj,11
230,ndian llionaire Raan aa o aend Israeli auo-ech conference hps://.co/cK98ykQZ0b,0
231," aekookmomens: ghi: ""your acions reflec he image of S""\n\narmys: /sends flowers o radio saions o hank hem for playing s\xc3\xa2\xe2\x82\xac\xc2\xa6",401
232, snole: some vkook onigh-- i is he cooky wih his aa lloon--- sed off he hea lloon wee i saw earlier--- hps://.co/\xc3\xa2\xe2\x82\xac\xc2\xa6,308
233,yujuokki  my noifs sill showing ha yujuokki errr\xc3\xa2\xe2\x82\xac\xe2\x80\x9d aa is a line sicker made my aehyung sunenim.,0
234,Pankajindal31 sigmaioapi sanish9d And heres dhirendra_vr wee screensho again #CCQ17 aa_Crucie hps://.co/uRJZywAw4s,0
235, oysrusuk: he NINJAGO helegomoviesuk is almos here! ?  for a chance o WIN he full range of #LEGO from #oysRUsUK! &amp;Cs: hps:/\xc3\xa2\xe2\x82\xac\xc2\xa6,861
236, llaski5: his is your Cs C hps://.co/E8Soc,1
237, Jacina_rrins: swana is one of he s counries in he world for managing naural resources says UNEP Execuive Direcor hps:/\xc3\xa2\xe2\x82\xac\xc2\xa6,5
238, oysrusuk: WIN a AND NEW #HachimalsSurprise! ??? o ener  &amp; reply wih your #RUHachimalsSelfie. &amp;Cs: hps://.co/rpHGepcOih\xc3\xa2\xe2\x82\xac\xc2\xa6,308
239,Given ha #cloud implemenaions are much faser han on-prem cos need effecive #ChangeManagemen. Heres why:\xc3\xa2\xe2\x82\xac\xc2\xa6 hps://.co/j8x0ukZqIv,0
240, helandofsnakes: Cs School Spiri A Is Fines hps://.co/LvjPDcKU5f,57
241,ow do you drive value wih #Accounspayae ransformaion? Sa wih enhancemens and follow 4 s pracices\xc3\xa2\xe2\x82\xac\xc2\xa6 hps://.co/WO2InkYicb,1
242, LewisHamilon: Giving away 3x dope se wireless QC35 headphones. Follow  &amp; like o ener?? Goodluck! hps://.co/GywUEuYYs #LH44\xc3\xa2\xe2\x82\xac\xc2\xa6,22316
243,isi he #EduCanada Pavilion 401 caie_caei in Monreal for #CAIE2017 Oc. 11-13 hps://.co/KGaJyA31NS hps://.co/OcdUyDlR,1
244, CanHCMozamque: Aduls should lisen o he #girls suppo and influence oher aduls who have he power and he duy o proec hem\xc3\xa2\xe2\x82\xac\xc2\xa6,6
245," UNICEF_Moz: ""No er way o spend he #DayofheGirl han a he #Mozamque Naional Girls Conference"" - ChevrierAnoine #RaparigaMo\xc3\xa2\xe2\x82\xac\xc2\xa6",8
246,Inui Nunanga refers o four ?? Inui regions\nIn 2015 #Inui a economy conried $87.2M o Canadas GDP\xc3\xa2\xe2\x82\xac\xc2\xa6 hps://.co/3nxv8eNvAv,0
247, dama_uk: o win  his  gorgeous crew neck sweaer +F! Ends   13/10 12pm &amp;Cs: hps://.co/1omNlnPQS0 #win hps://.co/JjJhsQQqLu,0
248, camheman5187: Up 70  half! hps://.co/KyR45u2559 caleallas43 KyleRiesselmann Zach_Seymour5 _KING8CHO jusindrd ChadSimmo\xc3\xa2\xe2\x82\xac\xc2\xa6,3
249, environmenca: #DYK \xc3\xa2\xe2\x82\xac\xcx9cInui Nunanga\xc3\xa2\xe2\x82\xac\xe2\x84\xa2 means \xc3\xa2\xe2\x82\xac\xc5\x93our Inui lands and waers\xc3\xa2\xe2\x82\xac\xef\x86\x9d? ogeher we are working o help proec i! hps://.co/9Vsxc3\xa2\xe2\x82\xac\xc2\xa6,21
250, SierraClu If he war on coal is over as EPAs Sco Prui declared his week hen he war on eahing has en launched hps:/\xc3\xa2\xe2\x82\xac\xc2\xa6,77
251, Senumenhal: Medical oxygen is a life-and-deah maer for many Pueo Ricans. We demand FEMA ensure a seady supply for all who nee\xc3\xa2\xe2\x82\xac\xc2\xa6,116
252, KamalaHarris: As a naion of immigrans we can\xc3\xa2\xe2\x82\xac\xe2\x84\xa2 urn our cks on Dreamers poenially forcing hem o leave he only home hey\xc3\xa2\xe2\x82\xac\xe2\x84\xa2ve e\xc3\xa2\xe2\x82\xac\xc2\xa6,1540
253,n ineresing aicle which iniially looks a he #GDPR laws and hen ges deeper au he proliferaion of #Io\xc3\xa2\xe2\x82\xac\xc2\xa6hps://.co/gXkX43i2,0
254, jnapsalo: All my Cs have vaginas.\n#WCW o he dass auiful ye delicae women! You make wier a er place.,15
255, Canadarade: Canada\xc3\xa2\xe2\x82\xac\xe2\x84\xa2s #I program is here o suppo #womenexpoers in achieving expo goals: hps://.co/Y2omlZJc #GirlslongH\xc3\xa2\xe2\x82\xac\xc2\xa6,3
256,s an app-cenric I policy he key o cloud sraegies? hps://.co/i8gzGu5YZC #hyidcloud #cloudcompuing hps://.co/ZyQop4cfNA,0
257, CCChallengeFdn: Our incredie fundraisers have azed pas our iniial goal aking us over $114000. #eamColonCancerChallenge hps:\xc3\xa2\xe2\x82\xac\xc2\xa6,1
258,hinking Ahead: he 2018-2019 FAFSA jus opened. Heres wha you need o know hps://.co/nYKmQi08e3 uidaho\xc3\xa2\xe2\x82\xac\xc2\xa6 hps://.co/xUGjKoP3U,0
259, NRCan: #DYK? Prince Edward Island generaes almos all is elecriciy from #WindPower! #CanWEA hps://.co/QRwqdeR7w2,17
260, Canadarade: #GenderEqualiy and he empowermen of women and girls is a op prioriy of he Governmen of Canada #GirlslongHere #Day\xc3\xa2\xe2\x82\xac\xc2\xa6,9
261, CanadianPM: PM rudeau and Miniser Freeland discuss access o qualiy educaion for women and girls a a #WomenOne roundae in Washi\xc3\xa2\xe2\x82\xac\xc2\xa6,55
262, E_Pinny: Aow Yes you are righ. Here is a map ha show ha. For he original map I only inended o show Cs ha made landfall on\xc3\xa2\xe2\x82\xac\xc2\xa6,8
263,hy dev eams need o look a #PaaS o suppo heir applicaion modernizaion &amp; #digialransformaion plans.\xc3\xa2\xe2\x82\xac\xc2\xa6 hps://.co/2H5IUQFaFA,0
264, rclaysFooy: .ManCiy face Soke Ciy his weekend.  for a chance o  here. &amp;Cs: hps://.co/2NP67rmF Ends 1pm 11/10/17 h\xc3\xa2\xe2\x82\xac\xc2\xa6,576
265, dwdrums: CALI CUSOM SHOP. #dwusa #dwdrums hps://.co/p11K9v9il,73
266,nurainsyairah Yes or Sunway velociy? :D,0
267,ICICInk ICICInk_Care Logou on is always on op righ.\n no for ICICInk ICICInk_Care\n\nanoher ex\xc3\xa2\xe2\x82\xac\xc2\xa6 hps://.co/VmVNHb,0
268,heck ou our new og and find ou why so many accounancy firm have go dly rn  choosing o ousource hei\xc3\xa2\xe2\x82\xac\xc2\xa6 hps://.co/GxNO9qKsiK,1
269,"ranslaed he English word for red panda is ""Firefox"" which is where he owser ges is name. #echFac",1
270, VMohandasPai: he s raining in he worldgges no  PrakashJavdekar dpradhanp PMOIndia CMofKarnaaka PriyankKharge  hps:\xc3\xa2\xe2\x82\xac\xc2\xa6,9
271,ow will #AuonomousVehicles impac oher indusries like #healhcare and #hospialiy? Read here\xc3\xa2\xe2\x82\xac\xc2\xa6 hps://.co/gackrUw8,2
272,isi us a #NowForum o know how #AI is crucial o deliver nex gen service experience ransformaion\xc3\xa2\xe2\x82\xac\xc2\xa6 hps://.co/Pf6wrr2z,0
273, heSPSingh: Me my friend afer 20 years. We sudied ogeher in class 910 and sayed in same hosel. My friend Sanosh Shrivasava fr\xc3\xa2\xe2\x82\xac\xc2\xa6,1
274,ead how SEM programs in rural areas are giving kids new oulooks on fuure life oppouniies: hps://.co/OOKRsX3shx,0
275,uarlingon Happy 122nd hday of cheap qualiy higher educaion. Can wai o ge my InfoSys  hanks for he 3 years and couning.,0
276,onnec wih Reis Informaion Sysems o learn more au our Managed Care Services.\nhps://.co/CR10fJE3C5 hps://.co/QgwASA0wsJ,1
277,ockchain disried ledger marke will grow a 57.6% CAGR from 2017-2023. How will differen indusries adop?\xc3\xa2\xe2\x82\xac\xc2\xa6 hps://.co/YPmhO4eW7,0
278,UIDAI he #Aadhar #SSUP (online updae) pdf receip doesn display #elugu characers fix asap. CC KRS\xc3\xa2\xe2\x82\xac\xc2\xa6 hps://.co/S4lO5sQsj9,0
279,e are so excied o exhi 2020GroupUK annual conference nex week! ing on rmingham #Accouning #Ousourcing #MD,3
280, 2020GroupUK: he 2020GroupUK 19h Annual Conference 19h &amp; 20h Ocor 2017 hps://.co/ppRzJ6RX #2020Conf hps://.co/gYlYaaDf8I,3
281, PeopleMaers2: Heaies congraulaions o winners of #LnD awards. #LnDLeague hps://.co/HOYJcIVKa,5
282,epping down of Sikka has creaed an inflexion poin in India for corporae governance: Expes #vishal #sikkan..\xc3\xa2\xe2\x82\xac\xc2\xa6 hps://.co/AdMwwSZGPB,0
283, NASSCOMSaUps: Develop significan siness neworks &amp; learn o sraegize in he long-run wih #NPC2017.\nRegiser-hps://.co/8i2kxc3\xa2\xe2\x82\xac\xc2\xa6,17
284, liked a Youu video hps://.co/CG5KIKEC aa - Ndaleh (Official Video),0
285,"noher cracking piece of work from aafriends on ideniy for MedialaPrado hps://.co/ZmoHdCmIr"" hps://.co/H3c7QE0W2A",0
286,"smriiirani aaSky :- Respeced madam i\s harassmen or inenional.\naa sky ame me ha when we called u ""u\xc3\xa2\xe2\x82\xac\xc2\xa6 hps://.co/c4LdmmxzLq",0
287,ne coffee and 3 hours of sleep laer my aa old me o pu some makeup on cause I look like deah?,0
288,harinagpal RNaa2000 aaCompanies #ashamed of ing a #aa Employee. no suppo since 3 days.SR#10FPQ0FW hps://.co/OchQd1qXE,0
289,ovely lile discovery in our gues ok oday. \xc3\xa2\xe2\x82\xac\xc5\x93Special illian delicae paicular...\xc3\xa2\xe2\x82\xac\xef\x86\x9d Sums up aa_eaery\xc3\xa2\xe2\x82\xac\xc2\xa6 hps://.co/vkFzRwscNs,0
290,smriiirani aaSky :- Respeced madam please check how aa sky chea . Every one called me  when aa sky pp\xc3\xa2\xe2\x82\xac\xc2\xa6 hps://.co/oF0DdP5,0
291, dodo: his adorae lile dog wen viral \xc3\xa2\xe2\x82\xac\xe2\x80\x9d  heres he sad ruh hps://.co/HLQLcp0DVh,948
292, KaycGaewood: College expressed in a wee hps://.co/GvoFnGC655,11171
293, ConexaoS: WHA HE HELL GOOGLE HAHA\n~aa hps://.co/DeQYn8G4Ze,157
294, maulinshah9: Nepoism for Campaign finance? Guj Gov may ake over he loss making coal sed power plans of aa Adani Essar. hps\xc3\xa2\xe2\x82\xac\xc2\xa6,51
295, ipranavgupa: Glol recession &amp; cos-cuing are eviden in he #PuishingIndusry as I can see a major drop in he no. of exhior\xc3\xa2\xe2\x82\xac\xc2\xa6,14
296, aaCompanies: \xc3\xa2\xe2\x82\xac\xc5\x93We are ilding he counry\xc3\xa2\xe2\x82\xac\xe2\x84\xa2s firs #IO nework ouching 400 million lives\xc3\xa2\xe2\x82\xac\xef\x86\x9d - VS Shridhar aa_comm hps://.co/jL\xc3\xa2\xe2\x82\xac\xc2\xa6,20
297, paranjoyg: Gujara Governmen May ake Over aa Adani Essar Power Plans - Why peoples money ing used his way? hps://.co/JYI\xc3\xa2\xe2\x82\xac\xc2\xa6,153
298,aaSky I m also saying ha aa sky is snaching money from puic\nI don recommend puic o y aaSky \nSelling suandard producs,0
299, CFN017: Amplify he social impac of your enerprise wih Code For he Nex llion \nNASSCOMSaUps &amp; faceok.\nRegisraions op\xc3\xa2\xe2\x82\xac\xc2\xa6,61
300, people followed me // auomaically checked  hps://.co/pHJOm3eDU7,0
301," newllmusic: ??New Video!??Conri_y releases ""Ndaleh""! Direced  Ndukongrand. Wach i on New ll Music Channel! hps://.\xc3\xa2\xe2\x82\xac\xc2\xa6",4
302,conjumer2cou aaSky  :- I am harassing las 7 days due o aa sky service  can u convey how o file a case in consumer cou.,0
303, grosieee: when my mom says \xc3\xa2\xe2\x82\xac\xc5\x93 e vas o e quedas ?\xc3\xa2\xe2\x82\xac\xef\x86\x9d hps://.co/uWzSZDQ0jk,8
304, PhilSchoen: Winner_MLS aa Maino and is no even close,1
305, Quedeejayy: Yall complaining au Jhene geing a aoo  Sean loves and suppos her hrough EVERYHING. Meanwhile yo nigga don\xc3\xa2\xe2\x82\xac\xc2\xa6,63
306,aa ass can cook ??,0
307, Swamy39: Swamy slams SE Chairman for no acing on complains of insider rading agains aa companies hps://.co/KFpGdSvVHX via \xc3\xa2\xe2\x82\xac\xc2\xa6,303
308, snole: aa and chimmy sed off ha cue milk commercial------- ae always sunned  he sunnin jimin- #vmin hps://.co/35fFqd\xc3\xa2\xe2\x82\xac\xc2\xa6,469
309, alesacun: How did his pic jus invie me o his nds ckyard show and preend he didn see me he whole ime hps://.co/fO69wLQ1\xc3\xa2\xe2\x82\xac\xc2\xa6,1853
310,0 Ocor \xc3\xa2\xe2\x82\xac\xcx9c17: he swee fragrance of Rose Day coninues o spread joy amongs he paiens a aa Memorial... hps://.co/S8OzGcolUj,0
311,Winner_MLS aa Maino and is no even close,1
312, svaradarajan: Gujara Governmen May ake Over aa Adani Essar Power Plans hps://.co/Zrmjvw5IW via hewire_in,35
313,y Issei vs oy aa | Silverck Open 2017 | Hiphop eaking: hps://.co/zN1C1 via Youu,0
314, JamshedpurFC: Run and you could mee he fooll sars of #JamshedpurFC! aa Seel Jamshedpur Run-a-hon is ck!\nRegiser NOW: hps\xc3\xa2\xe2\x82\xac\xc2\xa6,1
315, jus found ou ha here are 21 sickers on line app and i may or may no have gone overard wih he aa s\xc3\xa2\xe2\x82\xac\xc2\xa6 hps://.co/0ApFuVK72x,0
316, iCanSaveLife: #Kolkaa #Oc11\nNeed O-ve ood donors\nA aa Medical Cener\nCall 9831082746\nvia girish2060 cc quizderek v_shakhi #i\xc3\xa2\xe2\x82\xac\xc2\xa6,8
317,Congras o eam Frank Insiue for heir speedy 2nd place finish in he Race for he aas his pas weekend! hps://.co/LNXvDGWcR7,0
318,ear ussoccer as a follow up wee from wo weeks ago you s sign aa Maino asap and give him he reigns o he program. #USMN,0
319,aa iago perol amazing mileage wih full ime ac || some grea rips mus wach|only 40 days old: hps://.co/lARRPu8eDm via,0
320,Via Disrup) Securiy for he #Io - Inerne of hreas wih Srinivasan CR. hps://.co/kWjLswJwXN,0
321,ZeeNews GS of Pappu\n\nGood nigh\nSwee dream\naa e e\n?????,0
322,ake he sones people hrow a you and use hem o ild a monumen. -Raan aa hps://.co/G4OLhwAwWl,0
323, proshan1996: sanoshgangwar  Uppolice RNaa2000 aaCompanies  FAKE jooffr leer asking 4 Rs.6200 for join aa echnologies.\xc3\xa2\xe2\x82\xac\xc2\xa6,1
324, visied social care professionals in he own of aa oday o advise hem on how o se up an #AlzheimerCaf\xc3\x83\xc2\xa9 . I\xc3\xa2\xe2\x82\xac\xc2\xa6 hps://.co/lXHCFcq0n,0
325,aaSky i canno view HD+1 channels on my new aa sky x.. have paid full HD access fee.. solve he proem!,0
326,sjames_fi Woah ha coss more han my aa\xc3\xa2\xe2\x82\xac\xe2\x84\xa2s ?? hey as long as i\xc3\xa2\xe2\x82\xac\xe2\x84\xa2s woh i for you ha\xc3\xa2\xe2\x82\xac\xe2\x84\xa2s all ha maers!,0
327, anjali_damania: De ridden SL prepares exi plan. 5101 employees o come joess. Many cos shuing  All is well says Gov h\xc3\xa2\xe2\x82\xac\xc2\xa6,48
328, suekenmax: UKrickyricky lddigger52 Well !!! I canno lieve i was acually FOLLOWING  you ... recified ..no ineresed in you o\xc3\xa2\xe2\x82\xac\xc2\xa6,1
329, GymGospel: Nike hps://.co/iyUXiDPxvd,26
330,aa Seel srenghens posiion in low-carn fuure echnology hps://.co/6WfnuJpIvu,0
331, aaSeelLd: We are delighed o acquire full inellecual propey righs for Hlsarna an innovaive seel making echnology hps://\xc3\xa2\xe2\x82\xac\xc2\xa6,4
332, GymGospel: Lower dy Workou hps://.co/Im3WS9g,33
333, dangermouseHQ:  for a chance o win his person-sized Danger Mouse cu-ou. &amp;Cs apply: hps://.co/ZGXFdpvlIA hps://.co/xLoPPjh\xc3\xa2\xe2\x82\xac\xc2\xa6,8
334, for a chance o win his person-sized Danger Mouse cu-ou. &amp;Cs apply: hps://.co/ZGXFdpvlIA hps://.co/xLoPPjh2e,8
335, Liy1417S: Hold up ch! You jus ed my Cs suwees o me.\n\n*Desperae housewives of wier,15
336, Uquious: ckside of he Sorm\n#phoography  Michael illoson\n#Neaska #lighning #weaher #phoo #NEwx #ravel ??\nhps://.c\xc3\xa2\xe2\x82\xac\xc2\xa6,38
337, RenierJusWonI: Win 1 of 3 Home Make-Overs valued a R50 000 each wih UnileverSA &amp; PicknPay! Ends 30 Oc &amp;cs: hps://.co/Acvmk\xc3\xa2\xe2\x82\xac\xc2\xa6,1
338, RenierJusWonI: Win a Paio Se o he value of approximaely R6000.00 wih PicknPay &amp; #anSannieMelke! Ends 22 Oc &amp;Cs: hps\xc3\xa2\xe2\x82\xac\xc2\xa6,1
339,e are cheering on MICHAEL HAUGHEY as he prepares for he New York Ciy Marahon o nefi #FallenParios!!\xc3\xa2\xe2\x82\xac\xc2\xa6 hps://.co/8ONs0ihrMa,0
340,ChrisSmalling ManUd Youre no playing mae,0
341, Canadarade: # o 1969 when Paricia Marsden-Dole came ?? 1s female #rade Commissioner eaking new ground for women #WomensHis\xc3\xa2\xe2\x82\xac\xc2\xa6,6
342, mshagerman: uOawaEdu Cs! Updaed professional advisory on use of social media from OC_OEEO hps://.co/OaprkuZM cc racy_cro\xc3\xa2\xe2\x82\xac\xc2\xa6,1
343,L504 CarlnksGIII Wih Cs inpu overseeing Mac,0
344,uOawaEdu Cs! Updaed professional advisory on use of social media from OC_OEEO hps://.co/OaprkuZM cc racy_crowe nick_ngafook,1
345, UeacherEd: Happy #WorldeachersDay o eachers around he world and in paicular U alumni curren Cs and school &amp; faculy advi\xc3\xa2\xe2\x82\xac\xc2\xa6,12
346,Win a Paio Se o he value of approximaely R6000.00 wih PicknPay &amp; #anSannieMelke! Ends 22 Oc &amp;Cs:\xc3\xa2\xe2\x82\xac\xc2\xa6 hps://.co/ncaSdlxyGl,1
347, 2morrowknigh: Which op 5 #AI-suppoed aciviies are leading #Digial ransformaion?\n\n#MachineLearning #Analyics #IoE #gdaa #Io\xc3\xa2\xe2\x82\xac\xc2\xa6,3
348,n his og we explore how #AI models capialize on #gDaa o reinven #logisics indusry.\xc3\xa2\xe2\x82\xac\xc2\xa6 hps://.co/gnow1YVdvp,4
349,raveller_Makk weeingsourav Muhy would  presiden and Nilekani would  HRD min had heir 2014 plan A worke\xc3\xa2\xe2\x82\xac\xc2\xa6 hps://.co/v8Ja352gfJ,0
350,hich op 5 #AI-suppoed aciviies are leading #Digial ransformaion?\n\n#MachineLearning #Analyics #IoE\xc3\xa2\xe2\x82\xac\xc2\xa6 hps://.co/4s0HIuEWM,3
351,an o know more au our producs &amp; soluions? Reques a free #demo wih a live represenaive: hps://.co/6ZLezvJm0o #CRM #finserv,0
352, edge_verve: he #AuonomousVehicles #Indusry is expeced o grow o $126.8 llion  2027. #ech #og #Innovaion #Drones #SelfDrivi\xc3\xa2\xe2\x82\xac\xc2\xa6,2
353, kerszi: Seriously. hese are skills ha employers wan need &amp; value. How are we helping his o happen? Wha do we need o change? #\xc3\xa2\xe2\x82\xac\xc2\xa6,37
354,reaed in 1956 he firs ever VCR was he size of a piano. #echFac hps://.co/4SLvGVEf9k,1
355, Narryhyd: Good luck o all he echnology pilos ..\nhps://.co/4ZWyWioOhH,2
356,re-Marke echnical Pulse on echnical &amp; Sysem Sofware Socks -- ACI Worldwide\xc3\xa2\xe2\x82\xac\xc2\xa6 hps://.co/yAgUu5S1 #realimepaymens #merchans,0
357,Why is i impoan for organizaions o move from compeiion o Coopeiion? Read o find ou\xc3\xa2\xe2\x82\xac\xc2\xa6 hps://.co/2oxF7qDN,1
358,ur channel paner ool gives end-o-end visiliy of your sales channels. More a #DF17 oh 1715\xc3\xa2\xe2\x82\xac\xc2\xa6 hps://.co/jk3p46mOPg,0
359,Whas he nex g hing in he #nking &amp; #financialservices indusry? Find ou a oh J51.\xc3\xa2\xe2\x82\xac\xc2\xa6 hps://.co/4jcvdcqU,0
360, allspics: jimin speaking japanese will forever  one of he cues hings youll hear in your life #HappyJiminDay hps://.co/GnN7L\xc3\xa2\xe2\x82\xac\xc2\xa6,921
361, himanaswa: aa/L1 or sae level cancer care ins a Guwahai o have advanced eiary care faciliies &amp; shall caer o needs of\xc3\xa2\xe2\x82\xac\xc2\xa6,58
362,nalyics firm Nielsen paners wih Raan aa-cked ech sa-up Snapzz hps://.co/V4prYJfEFm,0
363, shikorina__: \xc3\xa2\xe2\x82\xac\xc5\x93I need ongue I need face give me ain concenrae\xc3\xa2\xe2\x82\xac\xef\x86\x9d hps://.co/Flzk6L1Uq,1
364, Ajikumar_Kanan: aa Group o exi elecom secor amids growing losses; 5000 jo hang in lance: Repo hps://.co/07Oho8K via\xc3\xa2\xe2\x82\xac\xc2\xa6,61
365,lawavyona Same here w yellow  ?? I love i,0
366,hrough our panership wih he Royal Sociey Fellowships scheme we srive o make an impac on UK #SEM careers\xc3\xa2\xe2\x82\xac\xc2\xa6 hps://.co/nNQrpFVJPl,0
367, sanjayfna: aa eleservices - ai Aiel Merger - his was I weeed On 28h June 2017 ?\nhps://.co/qsnyEay9mc,47
368,ALUD MLS Who here hinks aa Maino will win #MLS #CoachOfheYear ? ?????,0
369, lawavyona: I used o hae hem  now I hink heyre my hing hps://.co/hhpHcUKDQ,1
370,aa company o ake over Aiel soon...,0
371, SweaerpawsChim: you shine so igh ?\n#HappyJiminDay S_w hps://.co/zpi9sHJk,541
372,100 llion aa says goode o elecom siness\nhps://.co/q28moakiCV,0
373, mumiheriage: 1927: JRD aa wih his 2000 cc Grand Prix gai a Speed rialsWorld Parade my. Clicked fases ime of day h\xc3\xa2\xe2\x82\xac\xc2\xa6,53
374,iel o acquire aa eleservices in a de-free cash-free deal hps://.co/jKYM1E5Rf,0
375, scene_sealer_: Happy hday??? \nS_w \n\n#?????? \n#???? \n#???????? hps://.co/KdhJx6Llw2,5361
376,ill Chandrasekaran rewrie he 149yearold hisory of aa Group? hps://.co/x3pkMAkJpu via economicimes,0
377,ha sure appears o  a aa ?? hps://.co/xvseweM4Pw,0
378, S_rans: 171013 J-Hope\xc3\xa2\xe2\x82\xac\xe2\x84\xa2s wee\n\n#HappyJiminDay #Forever_hind \ncause well  forever forever forever forever w...\n\nVideo: hps:/\xc3\xa2\xe2\x82\xac\xc2\xa6,258
379,iel o acquire aa eleservices in a de-free cash-free deal\n hps://.co/uqRyAzFW4L,0
380,aa fuckign auced koya when he was asleep. also auced cooky and shooky when hey were on a vacaion\nrude,0
381,LINE_Camera omg hanks for he new sickers aa??,0
382, looseol: 1. As a young 24 year old engineer wih aa Seel #DilliKahug sough a ransfer o social welfare dep.of company ?,7
383,hai says we\xc3\xa2\xe2\x82\xac\xe2\x84\xa2ll have a  of aa #elecom #aiAiel #monhsck hps://.co/E4V3pGV3 hps://.co/d9IawUjZx,0
384, DilipGhoshP: Mamaa pushed ou aa facory 4m Singur sill People has go only Papers  no Land.\n\nWach&g; hps://.co/voUHNJ03hM\xc3\xa2\xe2\x82\xac\xc2\xa6,15
385, Iam_2: aaSky even afer elling ur cusomer execuive ha we don wan aa Sky Dance Sudio i is en acivaed. Dis is 3rd \xc3\xa2\xe2\x82\xac\xc2\xa6,1
386, liked a Youu video hps://.co/JK37EyWKSm Videne - Enrevisa Com Especialisa - a\xc3\x83\xc2\xa1 Werneck - Lady Nigh - Humor Mulishow,0
387,aa represens aehyung so much his is so cue ?? hps://.co/o56OK7poem,0
388,US IN: ai Aiel o y ou aa eleservices consumer moliy siness. aielindia aadocomo,0
389,ed nails ?,0
390,eace and love! ?\n# #Y&amp;F #friends #smile #live #love #peace hps://.co/IKF11M10Fi,0
391, NDVProfi: ai Aiel o Acquire aas Money-Losing Mole Uni For Nohing\nhps://.co/4id2K7,8
392,Sahik_143 You oo. aa. :)),0
393,Markes Afer Hours: aa ele fires up on merger zz; meals dazzle - Economic\xc3\xa2\xe2\x82\xac\xc2\xa6 hps://.co/MmNmwpOe31 #marke,0
394,merson UPS was failing miseray in India   hey decided o use OVCD for proecion hps://.co/gyZR0Zuzf2 hps://.co/hSSfkvxNzV,0
395, himanaswa: aa/Unique cancer care grid likely o hv inv of Re 1400 cr &amp; proposed o  shared  aaruss &amp; sae; also leverag\xc3\xa2\xe2\x82\xac\xc2\xa6,33
396, aa_Crucie: Congraulaions o he Winners and Runners-Up of he aa Crucie Corporae Quiz Eas Zonal round.\nRegiser now - hps\xc3\xa2\xe2\x82\xac\xc2\xa6,2
397,hink I migh  Pao Escor his Halloween  imma need a cue Coloman girl o  aa you feel?,0
398, RilwanLucas: Kill him hps://.co/6JxuYPug,1
399, ajesh1980: Raan aa -Modi has il a vision of unified India &amp; ppl may disagree wih ha I hink h is wha India needs a\xc3\xa2\xe2\x82\xac\xc2\xa6,32
400, chryzjohn_wis: FO_Show KraksV PASOR: If youre a lady and youre in his church oday and youre a virgin come ouside\n***ladie\xc3\xa2\xe2\x82\xac\xc2\xa6,0
401, looseol: 2. When ha reques was urned down  aa  he Young #DilliKahug resigned . From Jamshedpur he wen o Kolkaa ?,6
402,aa Group eyeing sake in NewAirIndia says chairman Chandrasekaran - domain-: hps://.co/00Me5ywF7O,0
403, iAsura_: ai Aiel acquires aas consumer mole siness! Good news!,11
404, IamPreshioloye: FO_Show KraksV When he whole squad is complaining of hunger and how oke hey are and youre joining hem  5k\xc3\xa2\xe2\x82\xac\xc2\xa6,5
405, _India: Chandrasekarans Second Surgical Srike: aa ele o merge wih ai Aiel hps://.co/EfgFos7W9R hps://.co/nHAIWkEWu,3
406,rnesOSRS jordan_osrs FL_SAMM 3? o ur so delusional is unreal you killed 1 of my eam maes And ive killed\xc3\xa2\xe2\x82\xac\xc2\xa6 hps://.co/PAYcNwZKip,0
407," aaCompanies: N. Chandrasekaran: ""oday\s agreemen is he s and mos opimal soluion for he aa group &amp; is sakeholders."" hp\xc3\xa2\xe2\x82\xac\xc2\xa6",16
408,rendingSAon3  why o you auHugh ...his cancer hing hou eish ge well aa,0
409,fer Hours: aa ele fires up on merger zz; Meals dazzle\nhps://.co/vgZYKgWvO\n\nhps://.co/9YqkajKC,0
410, aaCompanies: aa and ai o comne consumer elecom siness. hps://.co/MWD8NEjOIy,35
411, elecomalk: #aa and ai AielIndia o Comne Consumer elecom siness. #elecom,12
412, comedyandruh: HIS IS WHY WE HAVE O PROEC DOGS A ALL COS hps://.co/Hwux0QGg,41
413, olusola__: Hey dear how au he power of posiive confessions? We shall  saisfied wih good  he fruis of our mouh..You are h\xc3\xa2\xe2\x82\xac\xc2\xa6,2
414, fanaic_go7_: GO7 FIREWORK RACK FIRS HREE LINES. \n\n? ? ? = AH GA SE\n\nIM CRYING. PARK JINYOUNG WROE I. ???????\n\n#GO7 #YouAre #7\xc3\xa2\xe2\x82\xac\xc2\xa6,160
415,us he one new follower oday found welcome racked  hps://.co/wXVLFj2RUM,0
416,his is where aa comes from hps://.co/wG1ZAXaw,0
417,? YASSS Is ime for a grea show noor a ?:??????? ? ???? \nhps://.co/0M8SaC79rH hps://.co/ZmiZMkuZHz,0
418,? YASSS Is ime for a grea show Emy Islam:????? ??? ? \nhps://.co/ORDn9xS8Ms hps://.co/EVGrncWqXd,0
419, agree hps://.co/zPvGmcYUwJ,0
420, CMEManio: CME rade Summi on Nov 30 is your can-miss chance for siness-ready acics o grow your mfg operaion! hps://.co/Z\xc3\xa2\xe2\x82\xac\xc2\xa6,1
421, dama_uk: o  in wih a chance of winning his gorgeous scarf simply follow &amp; ! Ends 20/10 12pm &amp;Cs: hps://.co/wlVKZEslAk #win\xc3\xa2\xe2\x82\xac\xc2\xa6,258
422, YGredegarCS: Reminder Year 10 GCSE English Oracy Exams ake place nex week (19h 20h and 23rd of Oc) #pride,1
423,ps://.co/7FQK656 sudhrocks check his,0
424,ONEX PLEASEEE ? hps://.co/H9R7Arwwly,0
425,xc3\xa2\xe2\x82\xac\xc5\x93No maer how all he wall is our people will find a way o ge over i.\xc3\xa2\xe2\x82\xac\xef\x86\x9d HYAdames #LC2017 hps://.co/5OkHESRz,1
426,AmiShah arunjailey Good news a leas  amni earning profi of over 4000cr.cs also more han 1llionso oher g housesCR o Gov,0
427,us like my Ex. hps://.co/sD5F9U,0
428,he #Io is wide open. h large and small orgs can nefi  you have o do your homework. hps://.co/SxgPhGe3f,0
429,discoveryed expe dacia92 explains differen applicaions of compuaional hinking in Dallas #IgnieMyFuure\xc3\xa2\xe2\x82\xac\xc2\xa6 hps://.co/xo4Yrr,1
430,MaKleinDrums No rue. I hink is user error ?,0
431, girlalkmags: isjojosiwa AamsChronicle 2/2 3 winners will  picked randomly from all enries. Compeiion closes a 23:59 on 16/1\xc3\xa2\xe2\x82\xac\xc2\xa6,5
432, enered for a chance o win 100K miles from Alaska Airlines Go Anywhere Sweeps. NPN CA Only 18+ Ends12/31/17 Cs: hps://.co/EVVr7iCK6G,0
433,ur s_galls alks au changing he landscape of #CS educaion a our Day of Discovery in Dallas #IgnieMyFuure\xc3\xa2\xe2\x82\xac\xc2\xa6 hps://.co/ccZ2nJf,2
434, offeo: We\xc3\xa2\xe2\x82\xac\xe2\x84\xa2re looking forward o visiing w/ OISEUof chr candidaes. Cs: rememr 2 visi hps://.co/nazGLQijmD for helpful resou\xc3\xa2\xe2\x82\xac\xc2\xa6,1
435, AurnSwimDive: S&amp;D opens season wih wo day doue dual mee hps://.co/0kkyKX7zhw,9
436,dama_uk o  in wih a chance of winning his gorgeous scarf simply follow &amp; ! Ends 20/10 12pm &amp;Cs:\xc3\xa2\xe2\x82\xac\xc2\xa6 hps://.co/DUMwhFgKf5,0
437,C\xc3\xa2\xe2\x82\xac\xe2\x84\xa2s LPs hps://.co/msEp05V8u hps://.co/Z8cnCH9Ax,0
438,rranch valley0fwolves wier is no a governmen service. Eiher you adhere o he prescrid Cs or you don\xc3\xa2\xe2\x82\xac\xe2\x84\xa2 use i. Simples!,0
439,NYChavez dispelling myhs of immigraion. #LC2017 #FacsMaer hps://.co/hIAJ8UxdR1,1
440,he worlds firs camera ook eigh hours o snap a phoo. #echFac hps://.co/yRiV3F8yaJ,1
441,SamirGahlau mediacrooks narendramodi So here is no plan  Muhy whose plan A was o  presiden of India ma\xc3\xa2\xe2\x82\xac\xc2\xa6 hps://.co/zCU845waqG,0
442,y 2020 financial secor will  saring a 300 Mn+ pages of regulaions. Luckily #AI is simplifying #Regech\xc3\xa2\xe2\x82\xac\xc2\xa6 hps://.co/oA5NOQ0xjp,3
443, SaiGopal_P: Almos 50 days ha NandanNilekani  ook over as Chairman. Has he Panaya repo en made puic?  #JusChecking hps://\xc3\xa2\xe2\x82\xac\xc2\xa6,2
444,rajamaiya will  a #Sis o share his views on how #nks are innovaing. Mee him a oh J51.\xc3\xa2\xe2\x82\xac\xc2\xa6 hps://.co/P8qHnOKG4W,0
445,lmos 50 days ha NandanNilekani  ook over as Chairman. Has he Panaya repo en made puic?  #JusChecking hps://.co/2s46HKWLnb,2
446,hwees Congress did nohing in 60 Years?V were living in sone-age unil messiah of developmen Shri\xc3\xa2\xe2\x82\xac\xc2\xa6 hps://.co/Na5ZKMJgrS,0
447,CGDev NandanNilekani paulmromer AlanHGelWorldnk OmidyarNework gaesfoundaion NandanNilekani  Please l\xc3\xa2\xe2\x82\xac\xc2\xa6 hps://.co/GR90AqpgsQ,0
448,rom Service Provider o siness Paner Premium Conen hps://.co/cDZrjaimrJ,0
449,rom Service Provider o siness Paner Premium Conen hps://.co/36FyqRwyWK,0
450,ur real ss sopped  oday o check how he work process is going in he office.  hps://.co/0nVzLA hps://.co/ed1plKKmCM,0
451,e can wai o  a he iish Accounancy Awards his evening! #Accouning #Ousourcing,0
452,jamewils Advaidism All respec for NandanNilekani also gone for playing o El Supremo unes for ead crum. Gu\xc3\xa2\xe2\x82\xac\xc2\xa6 hps://.co/C3OdDf,0
453, remoeOfficeco: Redefine concep of #coworking model wih Kafnu hps://.co/168ui4OdN,1
454,edefine concep of #coworking model wih Kafnu hps://.co/168ui4OdN,1
455, aeaekarmy: Please do no le his happen again. Should\xc3\xa2\xe2\x82\xac\xe2\x84\xa2ve en a leas hankful ha Jimin was doing a live. hps://.co/jhkdVfF5I,16
456, aekookmomens: aa and cooky are inseparae hps://.co/3u9VKCx,231
457,iophone impac:-Aiel o y he Consumer Mole siness of aa ele services \n\nhps://.co/yczyDH7MMP,0
458,fer Hasy aa Exi From elecom Anil Amni\xc3\xa2\xe2\x82\xac\xe2\x84\xa2s RCom Has No rgaining Power Lef hps://.co/MRWuN0yusN,0
459, jgopikrishnan70: All Nira Radias effos gone wase in aas elecom secor...founainhead of 2G Scam saed from here hps://.co/\xc3\xa2\xe2\x82\xac\xc2\xa6,187
460,ennon &amp; mccaney hps://.co/3Lnn86LY7u,0
461, SwarajyaMag: Caugh ween a rock and a hard place Anil Amni has no high cards lef o play.\n\nhps://.co/0cQe0YKN2D,3
462,iel agreed o merge aa Group\xc3\xa2\xe2\x82\xac\xe2\x84\xa2s sruggling mole services siness wih iself. hps://.co/eew1XMHAQ6 via oomrgQuin,0
463,Longshoe DiySouhSoc aa will no  considered o #USMN cause he didn\xc3\x82\xc2\x win anyhing unil oday If he wins MLS Cup: anoher sory,0
464,sgevans open o inging in an inernaional manager and I would include names like elsa Miguel Herrera aa Maino.,0
465,EricWynalda so who\xc3\xa2\xe2\x82\xac\xe2\x84\xa2s aking charge of he USMN? carleo? aa? elsa? I\xc3\xa2\xe2\x82\xac\xe2\x84\xa2d love o see elsa here man,0
466, aeaekarmy: Jimin\xc3\xa2\xe2\x82\xac\xe2\x84\xa2s live jus finished  I\xc3\xa2\xe2\x82\xac\xe2\x84\xa2m kind of disappoined how some of you guys were asking where Jungkook was a. ? No resp\xc3\xa2\xe2\x82\xac\xc2\xa6,52
467, EPOSeu: Geomagneic Oervaions an impoan ick for undersanding Plane Eah inegraed in #EPOS framework hps://.co/PsnF4DV\xc3\xa2\xe2\x82\xac\xc2\xa6,3
468," schumoo: ""Cs don\ ask you o ake ou he rash"" I muer o myself as I ake ou he rash.",59
469,ow do we suppo Canadian SMEs? Say uned during c_ca Small siness Week. #S2017 hps://.co/FjNkJvn3v,2
470,hen he inerne is down no proem-grea acive learning in mah class! DavidsonRvrSch #schoolofoppouniies\xc3\xa2\xe2\x82\xac\xc2\xa6 hps://.co/eOmqseoF2z,0
471, JaipurPanhers: Hurry cones ends 12h Oc 9 pm. Don\xc3\xa2\xe2\x82\xac\xe2\x84\xa2 forge o use #SpohePanher in your commens. Read he &amp;Cs here - hps://\xc3\xa2\xe2\x82\xac\xc2\xa6,4
472, WAFinalsSG: Hey #WAFinalsFans! We have a fun cones for you from now ill 29 Ocor 2017!\n\nMore informaion: hps://.co/EyXNHZ9dxc3\xa2\xe2\x82\xac\xc2\xa6,5
473,nd medical marijuana is a proem?  hps://.co/5vQJP,2
474,Narendermodi_PM narendramodi My mono 7276453895 I am p pay memr pl resolve my pf wihdraw amoun issue my\xc3\xa2\xe2\x82\xac\xc2\xa6 hps://.co/lnulY5zivs,0
475,weerweaher A leas in he Cariean i only spis ou relaively weak voices... in his case hey deepen (o\xc3\xa2\xe2\x82\xac\xc2\xa6 hps://.co/wD4DcxM2ML,0
476,anasic effo guys and congraulaions. Wolverines rock !!! #Parkinsons awareness #Srongeogeher.\xc3\xa2\xe2\x82\xac\xc2\xa6 hps://.co/lfVvu3Jxau,0
477,lan and rack oucomes of cash recovery iniiaives wih #collecion #analyics hps://.co/0p5Fykn8xz hps://.co/eJNsj9jLW,0
478, pinofgravy: Heres an aicle I wroe on gun conrol in he US! U can read i! Wha an OPPOUNIY hps://.co/N4lOqEl,1
479,Heres an aicle I wroe on gun conrol in he US! U can read i! Wha an OPPOUNIY hps://.co/N4lOqEl,1
480,ongraulaions o our D.E.A.R compeiion winners: LauraEoin&amp;Kaelyn! #JamesJoyceAnagram #okQuiz #PoserComp\xc3\xa2\xe2\x82\xac\xc2\xa6 hps://.co/C4sP6q7P,0
481,nfoSys 2019 in May hps://.co/APRUovcgpm,0
482, cloud-naive microservices sed #ecommerce plaform enaes you o say ahead of he compeiion &amp; cusomer need\xc3\xa2\xe2\x82\xac\xc2\xa6 hps://.co/JrJOvNnU,1
483,Heres how CloudNaiveFdn can enae wider and faser adopion of he #cloud for your enerprise seamlessly\xc3\xa2\xe2\x82\xac\xc2\xa6 hps://.co/3EsjXVwEhW,3
484,radHin ragnyaawani ahindu_ Vidhuvyala + in winning fair es has oo d for him. Meric is he same whe\xc3\xa2\xe2\x82\xac\xc2\xa6 hps://.co/x027Aik0,0
485,achinmaheshvri iamvir1 sen_sindh Ish_andari narendramodi his is one of he reasons why governmen is exemp\xc3\xa2\xe2\x82\xac\xc2\xa6 hps://.co/vPkjmOfXgW,0
486,he firs poining device (mouse) was called he X-Y Posiion Indicaor for Display Sysems (referring of course \xc3\xa2\xe2\x82\xac\xc2\xa6 hps://.co/OFqxG1sdjA,0
487,s llie Jean King said Pressure is a Privilege hps://.co/pLcDN0u7iD,0
488,livemin Ask ICAI ICSI and ICMAI o se up GS faciliaion cener wih he help of heir Semi and qualified sude\xc3\xa2\xe2\x82\xac\xc2\xa6 hps://.co/91jn5eN0jO,0
489, RenukaJain6: hps://.co/cKCZzo8Muh.   we are worried au perol prices &amp; GS compliance. Swamy39,36
490,ics: Shah Rukh Khan hoss pre-Diwali pay a Manna for own friends - hps://.co/LMhSWNhmCe acor called ove\xc3\xa2\xe2\x82\xac\xc2\xa6 hps://.co/lXzMUW,0
491,nroducion o SAP HANA  Dr. Vishal\xc3\x82\xc2\xa0Sikka hps://.co/f6LlPk4w,0
492, mumiheriage: oday in 1932: JRD aa prepares o ake off from Karachi on his inaugural fligh carrying cargo of mail o Juhu mxc3\xa2\xe2\x82\xac\xc2\xa6,108
493, Ramankaur925: \xc3\xa2\xe2\x82\xac\xc5\x93You\xc3\xa2\xe2\x82\xac\xe2\x84\xa2re 18 your parens can\xc3\xa2\xe2\x82\xac\xe2\x84\xa2 ell you wha o do anymore\xc3\xa2\xe2\x82\xac\xef\x86\x9d \n\nfirs of all I\xc3\xa2\xe2\x82\xac\xe2\x84\xa2m no whie,20463
494, snowrryae: \xc3\xa2\xe2\x82\xac\xc5\x93i pay aenion o you\xc3\xa2\xe2\x82\xac\xef\x86\x9d\ni love roommaes hps://.co/6VXAXWFNOj,1332
495,poonam_216 rohans1058 sudhirsj10 pail_pri RujuRockks arak4friends viniajadhav25 Dear Poonam  \nhanks for\xc3\xa2\xe2\x82\xac\xc2\xa6 hps://.co/arE4uMxmd,0
496, look-- aa was rn even fore we all knew he was; heyve en giving hins since fore\n\n*rehinks life dec\xc3\xa2\xe2\x82\xac\xc2\xa6 hps://.co/HyYUqrI,0
497,look_dandy Dear Maisha \nhanks for sharing your #makingGoodhappen momen. Say uned &amp; ge your loved ones o par\xc3\xa2\xe2\x82\xac\xc2\xa6 hps://.co/2UACh36FKO,0
498," Swamy39: Checking a news ha Roen aa ually ""raped"" a juvenile in yr 2000+_.y filed complain wih Rashrapai who sen i NHR\xc3\xa2\xe2\x82\xac\xc2\xa6",875
499,lyndalexie his explains he ears i have en shedding hanxx,0
500, FelloWya: REEEEEEEEEEEEEEEEEEEEEEEEEEEEEwee his,5128
501,hcdhamu Dear Harish \nhanks for sharing your #makingGoodhappen momen. Say uned &amp; ge your loved ones o paic\xc3\xa2\xe2\x82\xac\xc2\xa6 hps://.co/WCF6rJ2Qdf,0
502, airvisara: Round 2:\nA5) Auckland - Doha (Qaar Airways)\n\nA6) 2 hours &amp; 50 min\n\nA7) aa Aviaion Services\n\nA8) Leopard Moh\n\n#MaserOf\xc3\xa2\xe2\x82\xac\xc2\xa6,18
503, jiminupdaes: Lef or righ ? hps://.co/ikSj3PjQL,288
504,GwedeManashe1 ANC will never change over nigh aa....i mus loose powder hen come an alk au change ke?,0
505,aaSky Aiel_Presence DishV_India SunV aaSky really don care au old consumers and i am a aa sky cusomer since 2008,0
506, vanaekim: he\xc3\xa2\xe2\x82\xac\xe2\x84\xa2s so ehereal and sensual my god hps://.co/fla6yG14Ho,277
507, jiminupdaes: So does his mean well ge o see S reacions o heir own conce ? SIGN ME UP. hps://.co/8DcYKwA1j4,403
508,"So wha do you do in your free ime?"" Well I def do NO plan my speech for my sisers wedding I\ll ell you ha much... (lying)",0
509, heHalesNyx: ?  PLS ? USA/CAN GO ?\n?Chimmy &amp; aa Suis for GUCCHIM1 &amp; GUCAE1 \n?$7 USD each\n?closing 11/7\n?deails &amp; order form: h\xc3\xa2\xe2\x82\xac\xc2\xa6,3
510,Chas helps aa Capial increase lead generaion  600% hps://.co/9XJ5oP6hQa #chas #AI,0
511,Chas helps aa Capial increase lead generaion  600% hps://.co/nn93SMViwk #chas #AI,0
512,aa Yodha aur UPYoddha is he perfec mach :) hey world incredie power o ake any opponen! #HumHaiYodha\xc3\xa2\xe2\x82\xac\xc2\xa6 hps://.co/2U0Re3raON,0
513,aa Clu,0
514,aa me noar inks,0
515,ig call: Why aa eleservices\xc3\xa2\xe2\x82\xac\xe2\x84\xa2 merger wih ai Aiel could reshape India\xc3\xa2\xe2\x82\xac\xe2\x84\xa2s cellular landscape hps://.co/X5UkHJmHfw,0
516, iAishek_J: Going  he numr of calls hey have made aa Sky and Dish V will soon declare me a criminal for no oping HD pack w\xc3\xa2\xe2\x82\xac\xc2\xa6,113
517, Swise: #IdolsSA ndiyagodola aa I hope ? you did see a rendiion of your song ing sung  #Mhokozisi ?????Mzansimagic,1
518,IdolsSA ndiyagodola aa I hope ? you did see a rendiion of your song ing sung  #Mhokozisi ?????Mzansimagic,1
519,my V. My man. My aa. My aeae. My love. My gucci y.\nS_w \ngucci ge him o model yall already ???? hps://.co/pokmAVdx,0
520, WANNN CRY GAWD DAMMI I MISS U SO MUCH hps://.co/p7rxpd8Vzc,0
521, swear my nk is crying rie now hps://.co/cNyygFHu,0
522, EU_Compeiion: .EU_Commission clears join acquisiion of aa echnologies  Warrg Pincus and aa Moors hps://.co/mNFN8rwsnl,4
523,u....whr is jin? hps://.co/jvQjr9oax2,0
524, hwees: he curren level of women workforce a aa Seel is 11 per cen.\nhps://.co/ISc9NQFgMu,12
525, manduchn: He is a living a seriously #???? #???  hps://.co/8o1H1jYzLb,6
526, __arie_: I saed eahing er when I realised ha Im no ready for a relaionship is sho for Im no ready for a relaion\xc3\xa2\xe2\x82\xac\xc2\xa6,7
527,aured Review: \xc3\xa2\xe2\x82\xac\xcx9cDirec Fire\xc3\xa2\xe2\x82\xac\xe2\x84\xa2  A.J. aa hps://.co/7CJkwhAE,0
528, merajurr: \xc3\xa2\xe2\x82\xac\xc5\x93ake off your jacke\xc3\xa2\xe2\x82\xac\xef\x86\x9d\n\nFirs of all man\xc3\xa2\xe2\x82\xac\xe2\x84\xa2s no ho.,1323
529, hink i ea oo much proein,0
530,aaaaaaaaaaan o hps://.co/ouPij1NY2a,0
531, oysrusuk: Ah ah ah ah #Alive! ? Were giving you he chance o win all 3  Alive dolls! ? ??  o ener. &amp;Cs apply: hps://\xc3\xa2\xe2\x82\xac\xc2\xa6,246
532,xpoers from New unswick and across he counry nefi from fewer rade rriers hanks o #CEA.\xc3\xa2\xe2\x82\xac\xc2\xa6 hps://.co/cHDQpz8rzi,0
533, LexisNexisIndia: #LNDiwaliDhamaka #Cones\nLike &amp;  his pos &amp; grahe chance o win #LNVoucher!\nCs: hps://.co/0zII4nY5\nhps:\xc3\xa2\xe2\x82\xac\xc2\xa6,20
534, dANeworking: Hahaha everyones freaking ou au his huge WPA2 vulneraliy. Glad I suck wih WEP,24
535, UChooseconrac: Celeae he new #67Reg wih a chance o win a new se of wheels! #Like &amp; # o #win a #VW skaeard! &amp;Cs apply: h\xc3\xa2\xe2\x82\xac\xc2\xa6,485
536,inecraf SpiderCraf 1.2 [13] ?Farming?: hps://.co/2oM4fV7cOvia Youu,0
537, added a video o a Youu playlis hps://.co/2oM4fV7cOMinecraf SpiderCraf 1.2 [13] ?Farming?,0
538,errion House celeaes anoher milesone as he final crane is aken down inging i one sep closer o comple\xc3\xa2\xe2\x82\xac\xc2\xa6 hps://.co/ARUCXLjw4q,1
539,he sun has come ou in #orono for day 1 of #Sis2017 and Dave McKay of R is kicking hings off #CanadaSis\xc3\xa2\xe2\x82\xac\xc2\xa6 hps://.co/g7AxLcFgz,1
540,rep_sevewomack nonville_PS aaCompanies hank you for your leadership &amp; suppo in preparing young people f\xc3\xa2\xe2\x82\xac\xc2\xa6 hps://.co/NZyx7lxe,0
541,eing a Suden-Ahlee Is More han Jus Fun and Games hps://.co/E9gHNfL6 Sudyeaks Idaho_Vandals\xc3\xa2\xe2\x82\xac\xc2\xa6 hps://.co/zgVNCQY3,0
542,oysrusuk Ah ah ah ah #Alive! ? Were giving you he chance o win all 3  Alive dolls! ? ??  o ener. \xc3\xa2\xe2\x82\xac\xc2\xa6 hps://.co/D79fJQOb,0
543,yond Realiy - How Augmened and #ViualRealiy can revoluionize sakeholder experience in #Insurance\xc3\xa2\xe2\x82\xac\xc2\xa6 hps://.co/dVWILNv,0
544, JohnHolland87: Come o he Curexe oh o alk au he innovaion going on in Canadian #finech! #Canadasis #Sis2017 Canadara\xc3\xa2\xe2\x82\xac\xc2\xa6,1
545, V82CHRIS: oysrusuk Ah ah ah ah #Alive! ? Win all 3  Alive dolls! ? ??  o ener. &amp;Cs apply: hps://.co/One74QXkn  hps\xc3\xa2\xe2\x82\xac\xc2\xa6,1
546,oysrusuk Ah ah ah ah #Alive! ? Win all 3  Alive dolls! ? ??  o ener. &amp;Cs apply:\xc3\xa2\xe2\x82\xac\xc2\xa6 hps://.co/EC2JHVloI,1
547,ome o he Curexe oh o alk au he innovaion going on in Canadian #finech! #Canadasis #Sis2017\xc3\xa2\xe2\x82\xac\xc2\xa6 hps://.co/m7aG76MGss,1
548,jusinwihafro makeousam I would ag Ivan  hes oo rendy o use his own name.,0
549,Molly_x0 I\xc3\xa2\xe2\x82\xac\xe2\x84\xa2m ok wih his,0
550, Canadarade: Heading o #Sis2017? Visi he Canada Lounge (level 600) o connec wih ?? #saups + explore #opps.  hps://.co\xc3\xa2\xe2\x82\xac\xc2\xa6,5
551,noher offer for caleallas43 ... congras!!! hps://.co/ruR5lyKf1e,0
552,NP Paris has joined forces wih aa Consulancy Services in a d o ransform he ouous corporae evens lif\xc3\xa2\xe2\x82\xac\xc2\xa6hps://.co/R9cSNXHXku,0
553,ih #AI reailers can now undersand cusomer needs even fore hey know i. Read more hps://.co/5seF2aN8ze\xc3\xa2\xe2\x82\xac\xc2\xa6 hps://.co/s1KQ2eAg,0
554, heavens_lucy:  2020 #FinServs will  looking a 300million pages of #regulaions way yond wha employees can handle hps://.co/\xc3\xa2\xe2\x82\xac\xc2\xa6,2
555,ach our demo on #ockchain sed soluions for paymens sma conracs secure documens &amp; #radeFinance|\xc3\xa2\xe2\x82\xac\xc2\xa6 hps://.co/il6RRvZPdJ,2
556,he sae of Alaska is he only sae whose leers can  yped in a sraigh row of keyard leers. #echFac hps://.co/HVgf8yYNID,0
557,ha roles can individuals companies and governmens play in empowering #DigialRefugees? hps://.co/lqhja1WkMo\xc3\xa2\xe2\x82\xac\xc2\xa6 hps://.co/ko7PSmgoF,0
558,now how PurposefulAI is ending human inelligence wih #machinelearning o drive #innovaion\xc3\xa2\xe2\x82\xac\xc2\xa6 hps://.co/1flgQcGGen,0
559,rafficPUNE AnilShiroleP Hinjewadi \nGrea work Pune raffic police a Wipro circle hinjewadi. Saed from inf\xc3\xa2\xe2\x82\xac\xc2\xa6 hps://.co/RzdCw4zHj3,1
560,onac Reis Informaion Sysems o learn more au our Infrasrucure Services such as secure wehosing and... hps://.co/JseUAo3NrD,1
561,onac Reis Informaion Sysems o learn more au our Infrasrucure Services:\nhps://.co/PD1zxhhZj,0
562,eliance Reail o  gges hrea o Amazon Flipka .. hps://.co/GdpCaj1rmc Gov. will ing an end o small shops ArvindKejriwal,0
563,ndia gain wo places in FIFA rankings - hps://.co/Rps1Un Indian fooll eam received a os in FIFA rank\xc3\xa2\xe2\x82\xac\xc2\xa6 hps://.co/V10Xs0m1s,0
564,ee us a ProcureCon Europe o know he laes rends and insighs from he world of #procuremen.\xc3\xa2\xe2\x82\xac\xc2\xa6 hps://.co/QjF1ASZ7iJ,2
565, leaders can sop micromanaging a large I service force &amp; legacy sysems hanks o service desk #auomaion. hps://.co/YZGHL7LQ9,0
566,Heres how CloudNaiveFdn can enae wider and faser adopion of he #cloud for your enerprise seamlessly hps://.co/mjOvzDx0Nk,0
567, cloud-naive microservices sed #ecommerce plaform enaes you o say ahead of he compeiion &amp; cusomer needs hps://.co/FMyaIuSroH,0
568,hy he Coffee Machine When You Can  A he Caf\xc3\x83\xc2\xa9 Changing he Service Conversaion Wih siness? hps://.co/jfDAGX1n,0
569,hey can make a secure AADHAAR a he cos of housands of crores  ye will make fraud deecion sofware  \xc3\xa2\xe2\x82\xac\xc2\xa6 hps://.co/S7i0W6HcH,5
570,nks spend approx $270 a year on regulaory #compliance which is 10% of he oal operaional spend of g nks hps://.co/KyFzgp3,0
571, 2020 #FinServs will  looking a 300million pages of #regulaions way yond wha employees can handle hps://.co/9QqwhiCqnR #Regech,2
572, 3niesh:  2020 financial secor will  saring a 300 Mn+ pages of regulaions. Luckily #AI is simplifying #Regech\xc3\xa2\xe2\x82\xac\xc2\xa6hps://.co/N\xc3\xa2\xe2\x82\xac\xc2\xa6,1
573,y 2020 financial secor will  saring a 300 Mn+ pages of regulaions. Luckily #AI is simplifying #Regech\xc3\xa2\xe2\x82\xac\xc2\xa6hps://.co/NS8FcWuFs2,1
574,imanshu Rana o lead India U-19 squad in Asia Cup - hps://.co/JfxD0KdwJ9 ard of Conrol for Cricke in India\xc3\xa2\xe2\x82\xac\xc2\xa6 hps://.co/CGmu8AgZNf,0
575, ailopez: Lisen and learn wice as much as you alk.,1886
576, aekkiii: #WalangPasok \n\n? namjoons hday\n? jungkooks hday\n? celeaion of S winning,21
577,juniorawara emeldee_ Lol okay  do you know aa?,0
578,Josie_aa used my spare,0
579, jeonelysium: LOOK A HOW HAPPY HEY LOOKED ODAY ARMYS LES ALWAYS  HE REASON FOR HEIR SMILES AE IS SO PRECIOUS IM\nhps://.co\xc3\xa2\xe2\x82\xac\xc2\xa6,403
580,lease sponsor Phil as he akes pa in CEO Sleepou onigh o raise awareness of he homelessness proem in UK hps://.co/agEacO74ai,0
581,wonhaenny hanks ??,0
582, liked a Youu video hps://.co/cqlfOn4235 4300 kms Road rip Review of aa HEXA,0
583, serendickpiy: congraulaions o S_w &amp; o he ARMYs who voed. all your voes maered may i  one or housands you are pa\xc3\xa2\xe2\x82\xac\xc2\xa6,274
584,aa_ainmen Roorwa iwe. Formicaion is a sin fore God and vana Zvipo kune vakaroorana!,0
585, sanalyics: Afer #S_MWAVE_FINAL\n\nMAMA ?? voing gins\n?? 19h Oc\n?? 6:00PM KS\n\n2 days! hps://.co/U9SVoFur1,640
586,DHInNa_aa yugss_ ruh hus... Shavil*,0
587,aa_iso osPrins calunia,0
588,NP aa ap ockchain for Even Announcemens Plaform hps://.co/CQAQW28Hki hps://.co/9AV7VGKj,0
589, CNV18Live: aa Group eners due diligence w/ai Aiel as negoiaions hea up o acquire Aiels DH z.Deails a 9pm on I\xc3\xa2\xe2\x82\xac\xc2\xa6,3
590, Navin_Shey1: Daa on aa Chem\nCo. pos he sale of feiliser z and shares in aa glowill  de free\nached is he valuaion\xc3\xa2\xe2\x82\xac\xc2\xa6,14
591,lease sponsor our General Manager for siness Services Phil Davies as he akes pa in he CEO Sleepou onigh\xc3\xa2\xe2\x82\xac\xc2\xa6 hps://.co/DO5VcQF5,0
592,Indiaoday VMohandasPai \n\nfore #Mass_Exodus gins I Capial Of India Needs Immediae Upgradaion.\n\n#Singur\xc3\xa2\xe2\x82\xac\xc2\xa6 hps://.co/GfZkVYsSz,0
593,saaahlese Don\xc3\xa2\xe2\x82\xac\xe2\x84\xa2 you have o work? ?,0
594,SXG00 yugss_ Sharvil sounds like rick ??,0
595, _vyne: No maer how full a Nigerian is hey would never leave heir mea for you?? hps://.co/9sw5RhqB,350
596, kinqjeons: S cried oday cuz hey hough heyd never had an audience of ARMYs as g as his hey wen hru a lo and now hey don\xc3\xa2\xe2\x82\xac\xc2\xa6,2962
597,NP aa ap ockchain for Even Announcemens Plaform: P Paris has panered wih\xc3\xa2\xe2\x82\xac\xc2\xa6 hps://.co/y9gGlwR2ZV,0
598, aeaekarmy: UPDAE: he new song \xc3\xa2\xe2\x82\xac\xc5\x93Crysal Snow\xc3\xa2\xe2\x82\xac\xef\x86\x9d is a winer song for he fans in Japan. Says ha here\xc3\xa2\xe2\x82\xac\xe2\x84\xa2s no dou ha i will  a v\xc3\xa2\xe2\x82\xac\xc2\xa6,258
599,Josie_aa and i sill don\xc3\xa2\xe2\x82\xac\xe2\x84\xa2 know where my keys are,0
600,wonhaenny im no saing a fanwar.  sorry if my commen offended you,0
601," feyi0: ""i ough you o his world so i can ake you ou of i""\n\nfirs of all God is my creaor",267
602, gansara: In case you were planning o y life insurance here is wha you should *no*  ying. I assume aa endorses his as wel\xc3\xa2\xe2\x82\xac\xc2\xa6,48
603, induc: why do we ry so hard for people who don ry for us,1001
604, ImSuperDope_: Jus cause he pas didn\xc3\xa2\xe2\x82\xac\xe2\x84\xa2 urn ou like you waned i o doesn\xc3\xa2\xe2\x82\xac\xe2\x84\xa2 mean your fuure can\xc3\xa2\xe2\x82\xac\xe2\x84\xa2  er han you\xc3\xa2\xe2\x82\xac\xe2\x84\xa2ve ever im\xc3\xa2\xe2\x82\xac\xc2\xa6,11
605, aaAIA_Life: erms and condiions for #makingGoodhappen his Diwali cones: hps://.co/WklWqdHO \nDisclaimer: hps://.co/0YE\xc3\xa2\xe2\x82\xac\xc2\xa6,13
606, SSdaDuma: Why is Souh African wier like his? ???????? hps://.co/fZqxWngw,375
607, gypisie: ne_kona DjShiru sksimeonug keddev Spin docor aa drop me one for he road  uno_KUg,2
608,Ruh anand.  84% Gen Y in aa .Specular reenion. Work life inegraion - don wan o know when one sas and sops  #qolconference,0
609,aa l - 5 s-In-Class Feaures Will Make You {Ge. Se. l} - ModernLifeimes hps://.co/FaHduxYe\n #auo #l #car,0
610,aa_Crucie Mc Donalds,0
611,aa Seel rules ou IPO of aa-hyssen merged siness for 2-3 years,0
612,saaahlese Same hey hu ?,0
613,Congras s!!! For all hose who voed!!! \nExo-Ls you did a grea jooo!! We all worked hard :)\xc3\xa2\xe2\x82\xac\xc2\xa6 hps://.co/XfkSAHcgWy,0
614,Josie_aa dude i couldn\xc3\xa2\xe2\x82\xac\xe2\x84\xa2 ge up his morning my eyes wouldn\xc3\xa2\xe2\x82\xac\xe2\x84\xa2 open ?,0
615, alzguza: aa fincher \nhe girl wih he dragon aoo hps://.co/xjcOJhDypb,1
616,NP aa ap ockchain for Even Announcemens Plaform hps://.co/2swg8WEnWp,0
617,aa Seel rules ou IPO of aa-hyssen merged siness for 2-3 years(hps://.co/ne0L4cKsmh) #mariime #commodiies #shipping,0
618, feco_ace: Hard guy + ard gang  i sill requires nurses o hold you down when is ime o ake an injecion.,1015
619,hich is he s compac UV of he ime? We pi he new Nexon agains he ezza &amp; WR-V o find ou. \nhps://.co/sDg7AIxDse,0
620, k4yod3: Nurses run is sill Nurses run spel ckwards hps://.co/9ZoREQjaQ9,1384
621," Whennys: ""I\m going o sudy a 5.""\n""I\m going o sudy a 6.""\n""I\m going o sudy a 7.""\n""I\m going o sudy a 8.""\n""I\m going o s\xc3\xa2\xe2\x82\xac\xc2\xa6",368
622,aa_Crucie McDonalds #CCQ17,0
623, Llae17: We can say we won fair and square and no one can ake ha away from us! I love his family. Now go res and say healhy! xc3\xa2\xe2\x82\xac\xc2\xa6,1
624, s_rapline: I love how hey call us gARMY and gan when heyre he only ones who acually GGED oher fandoms o voe for hem h\xc3\xa2\xe2\x82\xac\xc2\xa6,12
625, S_EVEY: I-lovelies! SRONG POWER HANK YOU ?,818
626, KelvinOdanz: Any gurnaorial candidae who promises o pull down ha useless Saue will win he elecion. We are ha mad. Rochas i\xc3\xa2\xe2\x82\xac\xc2\xa6,432
627, minhhuyen2908: #ARMY?_??_DNA?_?? S_w \nWe did i ARMY ??? hps://.co/5Ei9MfDau0,176
628,NP aa ap ockchain for Even Announcemens Plaform hps://.co/WzLoi5qCW#coin hps://.co/19EZsy2FhM,0
629," Sochar06: When someone says :""IF?%"" when u check his/her profile here is less han 1K ha he/she follows  wih more han 3\xc3\xa2\xe2\x82\xac\xc2\xa6",152
630, damasermind: Dad - youhs are no quesioning our leaders enough in his counry \nMe - LMAOOOO dad I can even quesion you in hi\xc3\xa2\xe2\x82\xac\xc2\xa6,3604
631, vanaekim: \xc3\xa2\xe2\x82\xac\xc5\x93are you already ired afer doing one sage?\xc3\xa2\xe2\x82\xac\xef\x86\x9d\njimin: no i\xc3\xa2\xe2\x82\xac\xe2\x84\xa2m no ired i\xc3\xa2\xe2\x82\xac\xe2\x84\xa2s cause i slep fore i came here hps://.co/8s\xc3\xa2\xe2\x82\xac\xc2\xa6,271
632,NP aa ap ockchain for Even Announcemens Plaform: P Paris has panered\xc3\xa2\xe2\x82\xac\xc2\xa6 hps://.co/4HUyXV #vk,0
633, sphkook: are we even alive jk sans hps://.co/dgCCWlkff,431
634, aehyungjd_: AAA and MAMA is our nex GOAL!??\ncreae more accouns cause we will win his oo!??,301
635, jinoxicaed: ARMY? (n.) no jus a group of fangirls/ys no jus a fandom  a family ha is dedicaed in suppoing &amp; loving \xc3\xa2\xe2\x82\xac\xc2\xa6,521
636, S_ARMY_IN: EAMWORK MAKES HE FUCKING DREAMWORK WE DID HIS OGEHER S AND ARMY FOREVER #LIEVE_IN_SARMY,1239
637, GokiNamoo: WE DID I GREA JOFAM S_w #ARMY?_??_DNA?_?? #ARMY_DNA_WINNING_DNA hps://.co/Azarxz9,1319
638,:aa_Crucie #FromheQuizmaser #Cones Answer his quesion from aa Crucie Corporae Quiz #Kolkaa round using #CCQ17 &amp;amp;\xc3\xa2\xe2\x82\xac\xc2\xa6 h,0
639,FromheQuizmaser #Cones Answer his quesion from aa Crucie Corporae Quiz #Kolkaa round using #CCQ17 &amp;\xc3\xa2\xe2\x82\xac\xc2\xa6 hps://.co/s6ISm580,0
640, RAPMONMAMON: yall know wh happens during awards shows (like mama). a lo will ry o ing s down we goa work hrice as harder wh\xc3\xa2\xe2\x82\xac\xc2\xa6,82
641, aekkiii: o hose who didn even her o voe DON EVEN RY O CELEAE WIH US?? HE DOOR IS OPEN LE ME KICK YOU OU?? #S_MW\xc3\xa2\xe2\x82\xac\xc2\xa6,167
642, jhopesgalaxy: PH armys have he day off from school omorrow wow mus  nice i wish america acknowledged s wins as naional holidays\xc3\xa2\xe2\x82\xac\xc2\xa6,167
643, JijaNamar: #Ishqaaz \n\nhese Orois are no Normal human ing like us! \nSenior Orois said aa o Shivaay &amp; ran away?? hps://\xc3\xa2\xe2\x82\xac\xc2\xa6,8
644, ngansoshi: w his was only for he nominaion of a new cha/award jus wai ill MAMA voing sas on oc 19 ??,865
645,riseofher yesyes ?,0
646, snowrryae: See how much powerful we r if we work ogeher?Les always work hard for our ys o show how much were graeful o have\xc3\xa2\xe2\x82\xac\xc2\xa6,714
647, AFHarare: Would you wan your employees o learn French? We offer corporae lessons for professionals ailor made o sui your needs #a\xc3\xa2\xe2\x82\xac\xc2\xa6,3
648, aaChemicals: CL ouches lives of he farmers wih he help of aa Kisaan Sansaar Nework. o read more: hps://.co/2zpkiiAmD7 h\xc3\xa2\xe2\x82\xac\xc2\xa6,2
649, damasermind: Lol ha MCMs nose is gger han your es ass hps://.co/liuAOjw,559
650,hank youu oo pls res well ????? hps://.co/6XmN18ivx,0
651," unnyking: ""You oiously can\ do wihou me""\n\nFirs of all you\re no my phone charger.",4852
652, snowrryae: i wan o say hank you o every army who send me IDs and helped us a lo his is why i love our family. We did grea ?\xc3\xa2\xe2\x82\xac\xc2\xa6,212
653, seokjinvenus: yoongi was ranslaing wha jin said in korean o english and jungkook said a g ass senence and yoongi jus jshdjd h\xc3\xa2\xe2\x82\xac\xc2\xa6,4012
654, oysrusuk: Who else loves pink unicorns?? Ener here hps://.co/FA9m4f  &amp; Follow o win a \xc3\x82\xc2\xa3250 oys R Us gif card! hps://\xc3\xa2\xe2\x82\xac\xc2\xa6,269
655, rclaysFooy:  for your chance o see ChelseaFC ake on Waford a Samford idge on Saurday! &amp;Cs: hps://.co/2NP67rmF Ends:\xc3\xa2\xe2\x82\xac\xc2\xa6,162
656, LexisNexisIndia: #LNDiwaliDhamaka #Cones\nLike &amp;  his pos &amp; grahe chance o win #LNVoucher!\nCs: hps://.co/0zIIlZmF\nhps:\xc3\xa2\xe2\x82\xac\xc2\xa6,20
657, Miffy_UK:  &amp; follow for he chance o #win your own #Halloween a prin - his one is hand numred 1/50!\n\nhps://.co/XNVEarMJ #\xc3\xa2\xe2\x82\xac\xc2\xa6,115
658, CanrderSOR: I\xc3\xa2\xe2\x82\xac\xe2\x84\xa2s #smallsinessweek! Learn how o simplify your expo process  #S2017 #SMEPME hps://.co/APEn7d8S7u hps://.co\xc3\xa2\xe2\x82\xac\xc2\xa6,5
659, iaxUK: Follow &amp;  o  in wih he chance of winning a runki in he design of your choice. Compeiion closes 24/10 hps://.co\xc3\xa2\xe2\x82\xac\xc2\xa6,16
660, rclaysFooy: Were giving away wo ickes o SwansOfficial vs Leiceser.  for your chance o win. &amp;Cs: hps://.co/2NP5PPY5 E\xc3\xa2\xe2\x82\xac\xc2\xa6,313
661, FeehamsDarlo: #Darlingon  &amp; follow us o #WIN 2 ickes o he Official_Darlo vs AFCOfficial game on 21s Oc! &amp;Cs: hps://\xc3\xa2\xe2\x82\xac\xc2\xa6,16
662,here seems o  an inverse propoionaliy ween hose making unfounded connecions ween Cs and AGW and hose wih Amo sci degrees.,0
663,ngeiling And how crossing ween climae and synopic ime scales o make Insan ariions and connecions \xc3\xa2\xe2\x82\xac\xc2\xa6 hps://.co/SVhe7i6RY,0
664,eels like wier version of #EdgeOfomorrow - no 1 no 2  3 Cs ?? hps://.co/0Ws8L5yXC,0
665,incere congras 2 all new #yegcc Councillors. Ward4Aaron jondziadik Camell_Ward9 sjlhamilon Look foward 2 seeing U in fuure evens,0
666,os a selfie wearing our owl masks a ESAS + #searchflowESAS for a chance o win \xc3\x82\xc2\xa3250 Red Leer Day voucher &amp;Cs hps://.co/vdWjaCIx,0
667, eadsallP: Faurnou for our saff vs memrs golf mach las week! Well done o our golf eam who swung and pued o a 6-3 vicor\xc3\xa2\xe2\x82\xac\xc2\xa6,1
668,if youre in Cs pls ea all he Poys and acos for me a he -rock ;A;,0
669,ongras sjlhamilon. hx 4 visiing our Sociey during ur campaign. Our many memrs living in Ward 5 are delighed 2 see you join #yegcc,0
670,he very firs Apple logo feaured Sir Isaac Newon siing underneah a ree wih an apple au o hi his head.\xc3\xa2\xe2\x82\xac\xc2\xa6 hps://.co/1Ra1pS8Ivc,0
671, New Era Dawns for D hps://.co/XAewKecuRr #ad,0
672,askGSech AX 175\n GS lae fee 5500\n\nClien couldn give dsc cause he was ou of own.\n No opion o file form\xc3\xa2\xe2\x82\xac\xc2\xa6 hps://.co/anNkiHWGr,0
673,eyond cos savings #AI &amp; #Auomaion provides oppouniies o deliver on human-cenered design for #healhcare.\xc3\xa2\xe2\x82\xac\xc2\xa6 hps://.co/UXcqSGQE,4
674, udaciy: he Inro o Programming Nanodegree = your foundaion for a ech career hps://.co/8MFsMXynK2,7
675,s echnology akes over repeaae asks wih #AI humans will ransiion ino new consuling roles\xc3\xa2\xe2\x82\xac\xc2\xa6 hps://.co/JFEepAlvR9,9
676,earn how o leverage #AI &amp; #auomaion for your siness ransformaion. Mee us a #nwaechsummi.\xc3\xa2\xe2\x82\xac\xc2\xa6 hps://.co/ppZh63WLFW,0
677, InfyFoundaion: Alison Domzalski was paired as a menor o Shannice Araujo Arrechea a NYASciences #NexScholars Program. Read more h\xc3\xa2\xe2\x82\xac\xc2\xa6,6
678,INFOSYS RAINS IS NEW RECRUIS LIKE #FIGHER #PILOS\n(o help hem deal wih fas changing siuaions) hps://.co/89pfd1vA,0
679,haring ineresing aicle from he Economis au he changes ha facial-recogniion sysems are inging o... hps://.co/xymxIfiMoc,0
680," RACEAfrica_: Loving Conri_y new video ""Ndaleh"".wih his Limm flowhe represens Cameroon culure o he fulles. Wach i  hps\xc3\xa2\xe2\x82\xac\xc2\xa6",31
681,appy iy uesday join me o see more of my aa owel hps://.co/HqRCgIqiPd hps://.co/KCvsLIsZ1,0
682,xis Direc aa Seel Limied Visi Noe:aa Seel hps://.co/XPDXSyEV #Sharess hps://.co/P7YO4ZHx Read repo.....,0
683,MFAOOOO. here for his hps://.co/1q6yfjU1WO,0
684, aegyoaeae: s line friends characer (21) producs will  released in sores in NY and seoul in decemr omg i wan a aa plush\xc3\xa2\xe2\x82\xac\xc2\xa6,949
685,aa_oo Lmao yeh,0
686, ercer_Cuao: Sandings Grupo anco OnefaMX 2017 ????\n\n1???Poros_Salvajes (4-1)\n2???losuadec (4-1)\n3??PumasAcalan (3-3)\n\n?? h\xc3\xa2\xe2\x82\xac\xc2\xa6,7
687,Geyoda Is his Arlie ? ??,0
688, Geyoda: aa_oo Pulling up like hps://.co/m1sSOkFXk,1
689, koyannor: Hi MayorAdjeiSowah his sreeligh could fall down on mooriss anyime. Is along he N1 in fron of aa Moors.\n\nPl\xc3\xa2\xe2\x82\xac\xc2\xa6,1
690,Doesn leave he house unil my skin is clear again*,1
691,imes of aa ad: Is he foundaion of journalism in jeopardy? hps://.co/pRyzE9rr4y,0
692, SAP_Reail: hank you o our Gold Sponsors Capgemini I Deloie EY and aa Consulancy for your suppo of SAP Reail Exec Forum\xc3\xa2\xe2\x82\xac\xc2\xa6,5
693, ajaykumar2697: 15 Oc 1932--\naa Airlines (Now Air India)s firs fligh !!\n#IndianHisory hps://.co/VAVOzkWed,204
694,NP aa ap ockchain for Even Announcemens Plaform hps://.co/xRQoi6Pr #ockchain #medium #coin,0
695,aa_oo Pulling up like hps://.co/m1sSOkFXk,1
696,ps://.co/p4grZNKNpX Are you having a #dog #Halloween pay? Check ou hese pay games o make your even rk-wohy!--&g; \xc3\xa2\xe2\x82\xac\xc2\xa6,0
697,MG! You have o see his. #GOLIVE.  \nhps://.co/unzG6451S hps://.co/scMOxuGozV,0
698,You won wan o come ck ? hps://.co/5PP8yHFy,0
699,MFAO OH MY hps://.co/xxNFSJAk86,0
700, scroll_in: aa and Mahindra o lead India\xc3\xa2\xe2\x82\xac\xe2\x84\xa2s push owards elecric vehicles hps://.co/82194D477s hps://.co/7rFN83nmON,1
701, oysrusuk:  for a chance o WIN he full range of LEGO NINJAGO producs from #oysRUs! Ends a 23:59 onigh! &amp;Cs: hps://.co/5GiU\xc3\xa2\xe2\x82\xac\xc2\xa6,1304
702, Preyuerds:  oysrusuk  for a chance o WIN he full range of LEGO NINJAGO producs from #oysRUs! hps://.co/9DrI166Xqv h\xc3\xa2\xe2\x82\xac\xc2\xa6,3
703,sing our senses o check ou he inside and ousides of a pumpkin. omorrow we ase he seeds! #lifecycles\xc3\xa2\xe2\x82\xac\xc2\xa6 hps://.co/1MMKJJSXZ,0
704, oysrusuk  for a chance o WIN he full range of LEGO NINJAGO producs from #oysRUs! hps://.co/9DrI166Xqv hps://.co/icVU1WxRYs,3
705, WickedVision: Is ime o #WickedWin! Weve go 3 x UKicks o win! Jus  &amp; FOLLOW us for he chance o #win! #compeiion &amp;Cs: hp\xc3\xa2\xe2\x82\xac\xc2\xa6,76
706, level PE oks arrived !! hps://.co/kSMkW7qgfs,0
707,nik_faizal95 hey have he original Jurassic Park\xc3\xa2\xe2\x82\xac\xe2\x84\xa2s score on vinyl hough wih a deliphosaurus on i! D,0
708,hese laaaang days are proper kicking me is in mind az fucking pooped,0
709,oysrusuk  for a chance o WIN he full range of LEGO NINJAGO producs from #oysRUs! Ends a 23:59 onigh! &amp;C\xc3\xa2\xe2\x82\xac\xc2\xa6 hps://.co/ilElYaHir9,0
710, CanadianSIA: Indigenous communiies emacing #CleanEnergy creaing housands of jo hps://.co/rDJQZHrqzc,1
711, CooledgeLg: Come check us a LighMEOfficial a he Deas Elecric LLC/Lighiiude oh - #D20 Sand #12 Hall Sheikh Saeed 3 #Lig\xc3\xa2\xe2\x82\xac\xc2\xa6,1
712,DavidsonRvrSch Suden Leadership eam ainsorming ideas for DRS pride week. #schoolofoppouniies\xc3\xa2\xe2\x82\xac\xc2\xa6 hps://.co/m0X2A0iVH,0
713,? #Cleanech plasic-recycling company Pyrowaveechno showcases heir modular microwave innovaive soluion\xc3\xa2\xe2\x82\xac\xc2\xa6 hps://.co/Fcc5mhuQSF,0
714,AI could help #healhcare and #lifesciences indusry solve heir mos complex daa challenges - IDC perspecive\xc3\xa2\xe2\x82\xac\xc2\xa6 hps://.co/oDpdzUVe,0
715,earn how echnology is ransforming he world of #money2020. Join panel discussion wih Nans.\xc3\xa2\xe2\x82\xac\xc2\xa6 hps://.co/75iLJsEn,0
716,e had such a fanasic evening a he #Awards las Friday! I was an honour o sponsor such a grea even &amp; we w\xc3\xa2\xe2\x82\xac\xc2\xa6 hps://.co/lNH6fORch,0
717,Daa Managemen Vaul changed how his firm deals wih #commissions and #compliance. Find ou how we helped: hps://.co/Iwq7eNZw8x,0
718,e are so excied for he even o gin! hanks for offering us he oppouniy 2020GroupUK! #2020Conf hps://.co/5g4ML8cf,0
719,afa Is he Only op 100 Player Who Does his... - One ou of a hundred. Niney-nine players ou of he op 100... hps://.co/kmgnh7gnA2,0
720,xc3\xa2\xe2\x82\xac\xc5\x93 Nadal has en menally&amp; sraegically he s a dealing wih he adversiy&amp;pressure of overcoming 15/40.\xc3\xa2\xe2\x82\xac\xef\x86\x9d hps://.co/9u261ky5zG,0
721,ederer Leads he Way Serving Under Pressure hps://.co/a7ivEQ1YU,0
722,e are very excied o  aending he 2020GroupUK annual conference omorrow!  Come and say hi! ?,0
723,aking Aificial Inelligence Where he Human ain Goes hps://.co/jPPRrecH #aificialinelligence,0
724,afa Is he Only op 100 Player Who Does his... hps://.co/VSH7JVA8,0
725,he home of ll Gaes was designed wih he use of a Macinosh Compuer. #echFac,0
726, MuellerSpoMed: .RafaelNadal Is he Only op 100 Player Who Does his... hps://.co/r2K1qJYo,1
727,RafaelNadal Is he Only op 100 Player Who Does his... hps://.co/r2K1qJYo,1
728,ps://.co/cuKlfpzL6 Anoher amazing sa from Rafa! he figher 2 he end! Acually an AP aicle!! Wow!!,0
729, digial D2concep on he lines of a C engagemen model helps CPG orgs unleash z oppouniies.\xc3\xa2\xe2\x82\xac\xc2\xa6 hps://.co/9NnMvNNA,3
730,afa Is he Only op 100 Player Who Does his... hps://.co/hlqVII0r,0
731," mediacrooks: aa Power Samsung Panasonic... Idioic ""Green Warriors"" deleed heir Ani-Diwali wees... Hindus should figh &amp; rash\xc3\xa2\xe2\x82\xac\xc2\xa6",368
732, gundopanishad: ands o yco cause hese companies were complici in spreading malicious propaganda agains #Diwali.??Add o he\xc3\xa2\xe2\x82\xac\xc2\xa6,70
733,o you ever jus... love your s friend. Pure wee. Don\xc3\xa2\xe2\x82\xac\xe2\x84\xa2  me,0
734, Lesedi_chas: es_maesro A man of grea words....  Amandla o aa ??,1
735, kInfoSecuriy: hank you o our sponsors CyrAssured oCach mgar Darkrace kaspersky mimecas neo4j 7elemens aa_comm\xc3\xa2\xe2\x82\xac\xc2\xa6,1
736, s_navroop: Panasonic Samsung aa Power all have deleed Ani Cracker wees ????,165
737,m gonna drawing ae wih aa hmm omorrow?,0
738,MLS If i is no aa hen somehing is very very wrong,0
739, OpIndia_com: wier users force aa Samsung and Panasonic o delee heir \xc3\xa2\xe2\x82\xac\xcx9cpreachy\xc3\xa2\xe2\x82\xac\xe2\x84\xa2 Diwali wees\nhps://.co/GmXM0NZZV,146
740,AP HCM/Workday Inegraion hps://.co/QJRYfrgQjH,0
741,Wach our #oadcas on hursday Oc 19h a 4:30PM  wih ehringers CIO Michael Schmelmer\xc3\xa2\xe2\x82\xac\xc2\xa6 hps://.co/rklRQKlg,0
742,ie1801 gu_germiniani Dmss,0
743,aa is he ulimae emoji/sicker. he unaae ss.,0
744, gak008: ArvindAhuja3 nandia_prasad ranjeejha1974 manishanaaraj SCofInd Yes  wha\xc3\xa2\xe2\x82\xac\xe2\x84\xa2s he urge o go d when  going good he\xc3\xa2\xe2\x82\xac\xc2\xa6,64
745,HIS FRIDAY SHELL I DOWN...SHELL  **DYNAMIE** Comen o Rah aa aaa aaa LIVE  SS CLU#dyandSoca hps://.co/n9c2yg448V,0
746, aomeyai: So aa Power and Samsung deleed heir wees. ? Miron share preachy wees  oher companies. Saki hypocrisy expo\xc3\xa2\xe2\x82\xac\xc2\xa6,110
747,MailOnline Could his  a soluion o reduce raping ? #Indians #India #NDVNews #ndv #aa #jaj #HappyDiwali #HelloDiwali #Diwali,0
748, csgauravpingle: Keeping Companies Ave ard hps://.co/FDUHpJySCJ via indiaoday,1
749,whosmikecrespo ing me your lefovers from aa\xc3\xa2\xe2\x82\xac\xe2\x84\xa2s so i can ry ?,0
750,CCE even in Markham Onario on Gamificaion wih Angela Feigl from aa Ineracive Sysems. hps://.co/JpiWr74jDs,0
751, rclaysFooy:  for a chance o win ickes o see Eveon play Arsenal on Super Sunday. &amp;Cs: hps://.co/2NP67rmF Ends 1pm 19/1\xc3\xa2\xe2\x82\xac\xc2\xa6,210
752, FeehamsDarlo:  &amp; follow us o #WIN 2 ickes o he Official_Darlo vs AFCOfficial game on 21s Oc! &amp;Cs: hps://.co/sFEJ1glYZ\xc3\xa2\xe2\x82\xac\xc2\xa6,33
753, oysrusuk: LAS CHANCE O ENER! Were giving you he chance o win all 3  Alive dolls! ? ??  o ener. &amp;Cs apply: hps://.co/\xc3\xa2\xe2\x82\xac\xc2\xa6,466
754,he nycmarahon is coming up fas on Sunday Novemr 5h. More on he gges race in Noh America:\xc3\xa2\xe2\x82\xac\xc2\xa6 hps://.co/E79zgcDd2,0
755,ooking o eak ino he VR/AR marke in Europe? Read our marke repo on he European viual realiy landscape:\xc3\xa2\xe2\x82\xac\xc2\xa6 hps://.co/Mn8VH09Ryx,0
756, yanielhehomie: Look  my cool ass neice as Frida ? hps://.co/gw0wXv7pmY,38543
757, joLaw: . HSFgraduaesUK KennedysLaw and AllenOveryGrads all have 2017 deadlines for 2020 Cs: hps://.co/oH3ZvNYdZ  joLaw,2
758,Ailish_Campll our Chief rade Commissioner au o address he crowd au acceleraed growh hrough innovai\xc3\xa2\xe2\x82\xac\xc2\xa6 hps://.co/j7G41svCPg,1
759, CanCGLA: NEX Fri: Hamilon On.s Whiehorse headline a #heMinLA \nhps://.co/zLdG1U0zLv hps://.co/y48w5Srd,1
760,us How g Is g Daa Analyics For Uiliies - Shared from hps://.co/OpwIwAH5jk. [hps://.co/CjEQCXkki] hps://.co/p9955cx2un,0
761,ow o secure evolving cloud neworks. hps://.co/GP92dsXx7#cloudsecuriy hps://.co/6yCRWWKLx,0
762,"hy \xc3\xa2\xe2\x82\xac\xc5\x93Oracle is in a unique posiion o deliver #AI across all layers of he cloud."" hps://.co/UVQsleVwUW\xc3\xa2\xe2\x82\xac\xc2\xa6 hps://.co/gDMUhwfX",0
763, IsgZuu: You know when he energy is jus correc you can feel i in your nes,11
764, lindsaysss3: oysrusuk LAS CHANCE O ENER! Were giving you he chance o win all 3  Alive dolls! ? ??  o ener. &amp;Cs apply:\xc3\xa2\xe2\x82\xac\xc2\xa6,1
765,"xcied o have Domingoisl a our nd Elks Memorial Day ournamen! \n\n""g yne!!"" hps://.co/sq5XuECnj",1
766,o ime o ge a massage oday ween my afernoon haircu and cigar a nickyaines   #1sWorldProems,0
767,oysrusuk LAS CHANCE O ENER! Were giving you he chance o win all 3  Alive dolls! ? ??  o ener. &amp;Cs\xc3\xa2\xe2\x82\xac\xc2\xa6 hps://.co/1YFc9ua9P,1
768, Fsoneriennial: Wan o win some amazing goodies? ? ag a ? of you wih a riennial insallaion wih #riennialGiveaway! &amp;Cs - hps\xc3\xa2\xe2\x82\xac\xc2\xa6,6
769,Cueracker_Ron have you hough of 2 down wih 3 o play sas? Inspiraion from his hps://.co/IWJn2hHL2 and knowing whod  he 1% ?,0
770,LifeSciences &amp; #Healhcare indusries remain early #AI adopers wih ongoing and expanding use cases. Know more\xc3\xa2\xe2\x82\xac\xc2\xa6 hps://.co/3fZC4z0o3w,2
771,INFY - INFOSYS : MID-ERM ARGE OF 1050 Rs. {LLISH} - hps://.co/hhRXjmLPhW,0
772,NFOSYS : MID-ERM ARGE OF 1050 Rs. \\u2026 $INFY hps://.co/AAa6o4pWYG V_radingIdeas,0
773,NFOSYS : MID-ERM ARGE OF 1050 Rs. \\u2026 $INFY hps://.co/3sEKPvk,0
774,now how echnology can enae nework of eams o make he #workplace no jus producive  also purposeful\xc3\xa2\xe2\x82\xac\xc2\xa6 hps://.co/CE0lOqI297,2
775,here are more han one million domain names ha are regisered online per monh. #echFac hps://.co/CElOGsVo,0
776,ow can ravel companies mee growing cusomer demands of personalizaion? Answers here hps://.co/QKZJDy2fj5,3
777,appy Diwali from our eam in India! We hope you all enjoy his special day! #HappyDiwali hps://.co/jCXjFMJ,0
778,afa Is he Only op 100 Player Who Does his... hps://.co/eh465U4CW,0
779,xperience Finacle\xc3\xa2\xe2\x82\xac\xe2\x84\xa2s plaform agnosic #omnichannel liquidiy managemen soluion a SIS| Ask for a demo a\xc3\xa2\xe2\x82\xac\xc2\xa6 hps://.co/kOuseyZiK,1
780, Rafaholics: Rafa Is he Only op 100 Player Who Does his... ,2
781, puepppy: Rafa Is he Only op 100 Player Who Does his... hps://.co/06AY3fncs,2
782, ragikomikkk: Niney-nine players ou of he op 100 have a losing record holding serve in 2017 when falling hind 15/40.\n hps://.c\xc3\xa2\xe2\x82\xac\xc2\xa6,1
783,afa Nadal Is he Only op 100 Player Who Does his... hps://.co/AkKN3jixF,0
784,Amazing day so far a 2020GroupUK can wai for he evening ????,1
785,ha is Linux? hps://.co/NH3IJs0Nm hps://.co/Saf16ZJAF,1
786,ha is Linux? hps://.co/989Kwd5,2
787,No wonder hes on op his season hps://.co/ANwP3kJQR,0
788,iney-nine players ou of he op 100 have a losing record holding serve in 2017 when falling hind 15/40.\n hps://.co/Xu6EC4GNWH,1
789, ainGameennis: One ou of 100.\n\nRafael #Nadal is he only op 100 player in 2017 o achieve his performance nchmark. My analysis h\xc3\xa2\xe2\x82\xac\xc2\xa6,21
790,aa is planing some shi hps://.co/MUv9jzrOr,0
791,"aa jumped over niggas and he\s like 5\6"" ? ...go he hea of a gian don\ you ever forge!!",0
792, SineQhayiya_SQ: aa who cus our lawn hps://.co/aEscieH4N,1
793, snowrryae: 21_ aa we all know has srawrry juice and no coffee hps://.co/7dyD4CHhPZ,246
794,ne person followed me // auomaically checked  hps://.co/96jenl,0
795,he firs live 360 video rial  aa_comm and F1 used #VR o immerse fans across he glo in he #SingaporeGP\xc3\xa2\xe2\x82\xac\xc2\xa6 hps://.co/yqgkYLxwv,0
796, auocarindiamag: he #aa #Nexon is availae in eigh varians wih wo engine opions. We ell you which varian you should go for h\xc3\xa2\xe2\x82\xac\xc2\xa6,4
